pkmn_id|name|type_number|transformar_datetime
1|grass|1|2024-08-17 12:10:02.328438
1|poison|2|2024-08-17 12:10:02.328438
2|grass|1|2024-08-17 12:10:02.328438
2|poison|2|2024-08-17 12:10:02.328438
3|grass|1|2024-08-17 12:10:02.328438
3|poison|2|2024-08-17 12:10:02.328438
4|fire|1|2024-08-17 12:10:02.328438
5|fire|1|2024-08-17 12:10:02.328438
6|fire|1|2024-08-17 12:10:02.328438
6|flying|2|2024-08-17 12:10:02.328438
7|water|1|2024-08-17 12:10:02.328438
8|water|1|2024-08-17 12:10:02.328438
9|water|1|2024-08-17 12:10:02.328438
10|bug|1|2024-08-17 12:10:02.328438
11|bug|1|2024-08-17 12:10:02.328438
12|bug|1|2024-08-17 12:10:02.328438
12|flying|2|2024-08-17 12:10:02.328438
13|bug|1|2024-08-17 12:10:02.328438
13|poison|2|2024-08-17 12:10:02.328438
14|bug|1|2024-08-17 12:10:02.328438
14|poison|2|2024-08-17 12:10:02.328438
15|bug|1|2024-08-17 12:10:02.328438
15|poison|2|2024-08-17 12:10:02.328438
16|normal|1|2024-08-17 12:10:02.328438
16|flying|2|2024-08-17 12:10:02.328438
17|normal|1|2024-08-17 12:10:02.328438
17|flying|2|2024-08-17 12:10:02.328438
18|normal|1|2024-08-17 12:10:02.328438
18|flying|2|2024-08-17 12:10:02.328438
19|normal|1|2024-08-17 12:10:02.328438
20|normal|1|2024-08-17 12:10:02.328438
21|normal|1|2024-08-17 12:10:02.328438
21|flying|2|2024-08-17 12:10:02.328438
22|normal|1|2024-08-17 12:10:02.328438
22|flying|2|2024-08-17 12:10:02.328438
23|poison|1|2024-08-17 12:10:02.328438
24|poison|1|2024-08-17 12:10:02.328438
25|electric|1|2024-08-17 12:10:02.328438
26|electric|1|2024-08-17 12:10:02.328438
27|ground|1|2024-08-17 12:10:02.328438
28|ground|1|2024-08-17 12:10:02.328438
29|poison|1|2024-08-17 12:10:02.328438
30|poison|1|2024-08-17 12:10:02.328438
31|poison|1|2024-08-17 12:10:02.328438
31|ground|2|2024-08-17 12:10:02.328438
32|poison|1|2024-08-17 12:10:02.328438
33|poison|1|2024-08-17 12:10:02.328438
34|poison|1|2024-08-17 12:10:02.328438
34|ground|2|2024-08-17 12:10:02.328438
35|fairy|1|2024-08-17 12:10:02.328438
36|fairy|1|2024-08-17 12:10:02.328438
37|fire|1|2024-08-17 12:10:02.328438
38|fire|1|2024-08-17 12:10:02.328438
39|normal|1|2024-08-17 12:10:02.328438
39|fairy|2|2024-08-17 12:10:02.328438
40|normal|1|2024-08-17 12:10:02.328438
40|fairy|2|2024-08-17 12:10:02.328438
41|poison|1|2024-08-17 12:10:02.328438
41|flying|2|2024-08-17 12:10:02.328438
42|poison|1|2024-08-17 12:10:02.328438
42|flying|2|2024-08-17 12:10:02.328438
43|grass|1|2024-08-17 12:10:02.328438
43|poison|2|2024-08-17 12:10:02.328438
44|grass|1|2024-08-17 12:10:02.328438
44|poison|2|2024-08-17 12:10:02.328438
45|grass|1|2024-08-17 12:10:02.328438
45|poison|2|2024-08-17 12:10:02.328438
46|bug|1|2024-08-17 12:10:02.328438
46|grass|2|2024-08-17 12:10:02.328438
47|bug|1|2024-08-17 12:10:02.328438
47|grass|2|2024-08-17 12:10:02.328438
48|bug|1|2024-08-17 12:10:02.328438
48|poison|2|2024-08-17 12:10:02.328438
49|bug|1|2024-08-17 12:10:02.328438
49|poison|2|2024-08-17 12:10:02.328438
50|ground|1|2024-08-17 12:10:02.328438
51|ground|1|2024-08-17 12:10:02.328438
52|normal|1|2024-08-17 12:10:02.328438
53|normal|1|2024-08-17 12:10:02.328438
54|water|1|2024-08-17 12:10:02.328438
55|water|1|2024-08-17 12:10:02.328438
56|fighting|1|2024-08-17 12:10:02.328438
57|fighting|1|2024-08-17 12:10:02.328438
58|fire|1|2024-08-17 12:10:02.328438
59|fire|1|2024-08-17 12:10:02.328438
60|water|1|2024-08-17 12:10:02.328438
61|water|1|2024-08-17 12:10:02.328438
62|water|1|2024-08-17 12:10:02.328438
62|fighting|2|2024-08-17 12:10:02.328438
63|psychic|1|2024-08-17 12:10:02.328438
64|psychic|1|2024-08-17 12:10:02.328438
65|psychic|1|2024-08-17 12:10:02.328438
66|fighting|1|2024-08-17 12:10:02.328438
67|fighting|1|2024-08-17 12:10:02.328438
68|fighting|1|2024-08-17 12:10:02.328438
69|grass|1|2024-08-17 12:10:02.328438
69|poison|2|2024-08-17 12:10:02.328438
70|grass|1|2024-08-17 12:10:02.328438
70|poison|2|2024-08-17 12:10:02.328438
71|grass|1|2024-08-17 12:10:02.328438
71|poison|2|2024-08-17 12:10:02.328438
72|water|1|2024-08-17 12:10:02.328438
72|poison|2|2024-08-17 12:10:02.328438
73|water|1|2024-08-17 12:10:02.328438
73|poison|2|2024-08-17 12:10:02.328438
74|rock|1|2024-08-17 12:10:02.328438
74|ground|2|2024-08-17 12:10:02.328438
75|rock|1|2024-08-17 12:10:02.328438
75|ground|2|2024-08-17 12:10:02.328438
76|rock|1|2024-08-17 12:10:02.328438
76|ground|2|2024-08-17 12:10:02.328438
77|fire|1|2024-08-17 12:10:02.328438
78|fire|1|2024-08-17 12:10:02.328438
79|water|1|2024-08-17 12:10:02.328438
79|psychic|2|2024-08-17 12:10:02.328438
80|water|1|2024-08-17 12:10:02.328438
80|psychic|2|2024-08-17 12:10:02.328438
81|electric|1|2024-08-17 12:10:02.328438
81|steel|2|2024-08-17 12:10:02.328438
82|electric|1|2024-08-17 12:10:02.328438
82|steel|2|2024-08-17 12:10:02.328438
83|normal|1|2024-08-17 12:10:02.328438
83|flying|2|2024-08-17 12:10:02.328438
84|normal|1|2024-08-17 12:10:02.328438
84|flying|2|2024-08-17 12:10:02.328438
85|normal|1|2024-08-17 12:10:02.328438
85|flying|2|2024-08-17 12:10:02.328438
86|water|1|2024-08-17 12:10:02.328438
87|water|1|2024-08-17 12:10:02.328438
87|ice|2|2024-08-17 12:10:02.328438
88|poison|1|2024-08-17 12:10:02.328438
89|poison|1|2024-08-17 12:10:02.328438
90|water|1|2024-08-17 12:10:02.328438
91|water|1|2024-08-17 12:10:02.328438
91|ice|2|2024-08-17 12:10:02.328438
92|ghost|1|2024-08-17 12:10:02.328438
92|poison|2|2024-08-17 12:10:02.328438
93|ghost|1|2024-08-17 12:10:02.328438
93|poison|2|2024-08-17 12:10:02.328438
94|ghost|1|2024-08-17 12:10:02.328438
94|poison|2|2024-08-17 12:10:02.328438
95|rock|1|2024-08-17 12:10:02.328438
95|ground|2|2024-08-17 12:10:02.328438
96|psychic|1|2024-08-17 12:10:02.328438
97|psychic|1|2024-08-17 12:10:02.328438
98|water|1|2024-08-17 12:10:02.328438
99|water|1|2024-08-17 12:10:02.328438
100|electric|1|2024-08-17 12:10:02.328438
101|electric|1|2024-08-17 12:10:02.328438
102|grass|1|2024-08-17 12:10:02.328438
102|psychic|2|2024-08-17 12:10:02.328438
103|grass|1|2024-08-17 12:10:02.328438
103|psychic|2|2024-08-17 12:10:02.328438
104|ground|1|2024-08-17 12:10:02.328438
105|ground|1|2024-08-17 12:10:02.328438
106|fighting|1|2024-08-17 12:10:02.328438
107|fighting|1|2024-08-17 12:10:02.328438
108|normal|1|2024-08-17 12:10:02.328438
109|poison|1|2024-08-17 12:10:02.328438
110|poison|1|2024-08-17 12:10:02.328438
111|ground|1|2024-08-17 12:10:02.328438
111|rock|2|2024-08-17 12:10:02.328438
112|ground|1|2024-08-17 12:10:02.328438
112|rock|2|2024-08-17 12:10:02.328438
113|normal|1|2024-08-17 12:10:02.328438
114|grass|1|2024-08-17 12:10:02.328438
115|normal|1|2024-08-17 12:10:02.328438
116|water|1|2024-08-17 12:10:02.328438
117|water|1|2024-08-17 12:10:02.328438
118|water|1|2024-08-17 12:10:02.328438
119|water|1|2024-08-17 12:10:02.328438
120|water|1|2024-08-17 12:10:02.328438
121|water|1|2024-08-17 12:10:02.328438
121|psychic|2|2024-08-17 12:10:02.328438
122|psychic|1|2024-08-17 12:10:02.328438
122|fairy|2|2024-08-17 12:10:02.328438
123|bug|1|2024-08-17 12:10:02.328438
123|flying|2|2024-08-17 12:10:02.328438
124|ice|1|2024-08-17 12:10:02.328438
124|psychic|2|2024-08-17 12:10:02.328438
125|electric|1|2024-08-17 12:10:02.328438
126|fire|1|2024-08-17 12:10:02.328438
127|bug|1|2024-08-17 12:10:02.328438
128|normal|1|2024-08-17 12:10:02.328438
129|water|1|2024-08-17 12:10:02.328438
130|water|1|2024-08-17 12:10:02.328438
130|flying|2|2024-08-17 12:10:02.328438
131|water|1|2024-08-17 12:10:02.328438
131|ice|2|2024-08-17 12:10:02.328438
132|normal|1|2024-08-17 12:10:02.328438
133|normal|1|2024-08-17 12:10:02.328438
134|water|1|2024-08-17 12:10:02.328438
135|electric|1|2024-08-17 12:10:02.328438
136|fire|1|2024-08-17 12:10:02.328438
137|normal|1|2024-08-17 12:10:02.328438
138|rock|1|2024-08-17 12:10:02.328438
138|water|2|2024-08-17 12:10:02.328438
139|rock|1|2024-08-17 12:10:02.328438
139|water|2|2024-08-17 12:10:02.328438
140|rock|1|2024-08-17 12:10:02.328438
140|water|2|2024-08-17 12:10:02.328438
141|rock|1|2024-08-17 12:10:02.328438
141|water|2|2024-08-17 12:10:02.328438
142|rock|1|2024-08-17 12:10:02.328438
142|flying|2|2024-08-17 12:10:02.328438
143|normal|1|2024-08-17 12:10:02.328438
144|ice|1|2024-08-17 12:10:02.328438
144|flying|2|2024-08-17 12:10:02.328438
145|electric|1|2024-08-17 12:10:02.328438
145|flying|2|2024-08-17 12:10:02.328438
146|fire|1|2024-08-17 12:10:02.328438
146|flying|2|2024-08-17 12:10:02.328438
147|dragon|1|2024-08-17 12:10:02.328438
148|dragon|1|2024-08-17 12:10:02.328438
149|dragon|1|2024-08-17 12:10:02.328438
149|flying|2|2024-08-17 12:10:02.328438
150|psychic|1|2024-08-17 12:10:02.328438
151|psychic|1|2024-08-17 12:10:02.328438
152|grass|1|2024-08-17 12:10:02.328438
153|grass|1|2024-08-17 12:10:02.328438
154|grass|1|2024-08-17 12:10:02.328438
155|fire|1|2024-08-17 12:10:02.328438
156|fire|1|2024-08-17 12:10:02.328438
157|fire|1|2024-08-17 12:10:02.328438
158|water|1|2024-08-17 12:10:02.328438
159|water|1|2024-08-17 12:10:02.328438
160|water|1|2024-08-17 12:10:02.328438
161|normal|1|2024-08-17 12:10:02.328438
162|normal|1|2024-08-17 12:10:02.328438
163|normal|1|2024-08-17 12:10:02.328438
163|flying|2|2024-08-17 12:10:02.328438
164|normal|1|2024-08-17 12:10:02.328438
164|flying|2|2024-08-17 12:10:02.328438
165|bug|1|2024-08-17 12:10:02.328438
165|flying|2|2024-08-17 12:10:02.328438
166|bug|1|2024-08-17 12:10:02.328438
166|flying|2|2024-08-17 12:10:02.328438
167|bug|1|2024-08-17 12:10:02.328438
167|poison|2|2024-08-17 12:10:02.328438
168|bug|1|2024-08-17 12:10:02.328438
168|poison|2|2024-08-17 12:10:02.328438
169|poison|1|2024-08-17 12:10:02.328438
169|flying|2|2024-08-17 12:10:02.328438
170|water|1|2024-08-17 12:10:02.328438
170|electric|2|2024-08-17 12:10:02.328438
171|water|1|2024-08-17 12:10:02.328438
171|electric|2|2024-08-17 12:10:02.328438
172|electric|1|2024-08-17 12:10:02.328438
173|fairy|1|2024-08-17 12:10:02.328438
174|normal|1|2024-08-17 12:10:02.328438
174|fairy|2|2024-08-17 12:10:02.328438
175|fairy|1|2024-08-17 12:10:02.328438
176|fairy|1|2024-08-17 12:10:02.328438
176|flying|2|2024-08-17 12:10:02.328438
177|psychic|1|2024-08-17 12:10:02.328438
177|flying|2|2024-08-17 12:10:02.328438
178|psychic|1|2024-08-17 12:10:02.328438
178|flying|2|2024-08-17 12:10:02.328438
179|electric|1|2024-08-17 12:10:02.328438
180|electric|1|2024-08-17 12:10:02.328438
181|electric|1|2024-08-17 12:10:02.328438
182|grass|1|2024-08-17 12:10:02.328438
183|water|1|2024-08-17 12:10:02.328438
183|fairy|2|2024-08-17 12:10:02.328438
184|water|1|2024-08-17 12:10:02.328438
184|fairy|2|2024-08-17 12:10:02.328438
185|rock|1|2024-08-17 12:10:02.328438
186|water|1|2024-08-17 12:10:02.328438
187|grass|1|2024-08-17 12:10:02.328438
187|flying|2|2024-08-17 12:10:02.328438
188|grass|1|2024-08-17 12:10:02.328438
188|flying|2|2024-08-17 12:10:02.328438
189|grass|1|2024-08-17 12:10:02.328438
189|flying|2|2024-08-17 12:10:02.328438
190|normal|1|2024-08-17 12:10:02.328438
191|grass|1|2024-08-17 12:10:02.328438
192|grass|1|2024-08-17 12:10:02.328438
193|bug|1|2024-08-17 12:10:02.328438
193|flying|2|2024-08-17 12:10:02.328438
194|water|1|2024-08-17 12:10:02.328438
194|ground|2|2024-08-17 12:10:02.328438
195|water|1|2024-08-17 12:10:02.328438
195|ground|2|2024-08-17 12:10:02.328438
196|psychic|1|2024-08-17 12:10:02.328438
197|dark|1|2024-08-17 12:10:02.328438
198|dark|1|2024-08-17 12:10:02.328438
198|flying|2|2024-08-17 12:10:02.328438
199|water|1|2024-08-17 12:10:02.328438
199|psychic|2|2024-08-17 12:10:02.328438
200|ghost|1|2024-08-17 12:10:02.328438
201|psychic|1|2024-08-17 12:10:02.328438
202|psychic|1|2024-08-17 12:10:02.328438
203|normal|1|2024-08-17 12:10:02.328438
203|psychic|2|2024-08-17 12:10:02.328438
204|bug|1|2024-08-17 12:10:02.328438
205|bug|1|2024-08-17 12:10:02.328438
205|steel|2|2024-08-17 12:10:02.328438
206|normal|1|2024-08-17 12:10:02.328438
207|ground|1|2024-08-17 12:10:02.328438
207|flying|2|2024-08-17 12:10:02.328438
208|steel|1|2024-08-17 12:10:02.328438
208|ground|2|2024-08-17 12:10:02.328438
209|fairy|1|2024-08-17 12:10:02.328438
210|fairy|1|2024-08-17 12:10:02.328438
211|water|1|2024-08-17 12:10:02.328438
211|poison|2|2024-08-17 12:10:02.328438
212|bug|1|2024-08-17 12:10:02.328438
212|steel|2|2024-08-17 12:10:02.328438
213|bug|1|2024-08-17 12:10:02.328438
213|rock|2|2024-08-17 12:10:02.328438
214|bug|1|2024-08-17 12:10:02.328438
214|fighting|2|2024-08-17 12:10:02.328438
215|dark|1|2024-08-17 12:10:02.328438
215|ice|2|2024-08-17 12:10:02.328438
216|normal|1|2024-08-17 12:10:02.328438
217|normal|1|2024-08-17 12:10:02.328438
218|fire|1|2024-08-17 12:10:02.328438
219|fire|1|2024-08-17 12:10:02.328438
219|rock|2|2024-08-17 12:10:02.328438
220|ice|1|2024-08-17 12:10:02.328438
220|ground|2|2024-08-17 12:10:02.328438
221|ice|1|2024-08-17 12:10:02.328438
221|ground|2|2024-08-17 12:10:02.328438
222|water|1|2024-08-17 12:10:02.328438
222|rock|2|2024-08-17 12:10:02.328438
223|water|1|2024-08-17 12:10:02.328438
224|water|1|2024-08-17 12:10:02.328438
225|ice|1|2024-08-17 12:10:02.328438
225|flying|2|2024-08-17 12:10:02.328438
226|water|1|2024-08-17 12:10:02.328438
226|flying|2|2024-08-17 12:10:02.328438
227|steel|1|2024-08-17 12:10:02.328438
227|flying|2|2024-08-17 12:10:02.328438
228|dark|1|2024-08-17 12:10:02.328438
228|fire|2|2024-08-17 12:10:02.328438
229|dark|1|2024-08-17 12:10:02.328438
229|fire|2|2024-08-17 12:10:02.328438
230|water|1|2024-08-17 12:10:02.328438
230|dragon|2|2024-08-17 12:10:02.328438
231|ground|1|2024-08-17 12:10:02.328438
232|ground|1|2024-08-17 12:10:02.328438
233|normal|1|2024-08-17 12:10:02.328438
234|normal|1|2024-08-17 12:10:02.328438
235|normal|1|2024-08-17 12:10:02.328438
236|fighting|1|2024-08-17 12:10:02.328438
237|fighting|1|2024-08-17 12:10:02.328438
238|ice|1|2024-08-17 12:10:02.328438
238|psychic|2|2024-08-17 12:10:02.328438
239|electric|1|2024-08-17 12:10:02.328438
240|fire|1|2024-08-17 12:10:02.328438
241|normal|1|2024-08-17 12:10:02.328438
242|normal|1|2024-08-17 12:10:02.328438
243|electric|1|2024-08-17 12:10:02.328438
244|fire|1|2024-08-17 12:10:02.328438
245|water|1|2024-08-17 12:10:02.328438
246|rock|1|2024-08-17 12:10:02.328438
246|ground|2|2024-08-17 12:10:02.328438
247|rock|1|2024-08-17 12:10:02.328438
247|ground|2|2024-08-17 12:10:02.328438
248|rock|1|2024-08-17 12:10:02.328438
248|dark|2|2024-08-17 12:10:02.328438
249|psychic|1|2024-08-17 12:10:02.328438
249|flying|2|2024-08-17 12:10:02.328438
250|fire|1|2024-08-17 12:10:02.328438
250|flying|2|2024-08-17 12:10:02.328438
251|psychic|1|2024-08-17 12:10:02.328438
251|grass|2|2024-08-17 12:10:02.328438
252|grass|1|2024-08-17 12:10:02.328438
253|grass|1|2024-08-17 12:10:02.328438
254|grass|1|2024-08-17 12:10:02.328438
255|fire|1|2024-08-17 12:10:02.328438
256|fire|1|2024-08-17 12:10:02.328438
256|fighting|2|2024-08-17 12:10:02.328438
257|fire|1|2024-08-17 12:10:02.328438
257|fighting|2|2024-08-17 12:10:02.328438
258|water|1|2024-08-17 12:10:02.328438
259|water|1|2024-08-17 12:10:02.328438
259|ground|2|2024-08-17 12:10:02.328438
260|water|1|2024-08-17 12:10:02.328438
260|ground|2|2024-08-17 12:10:02.328438
261|dark|1|2024-08-17 12:10:02.328438
262|dark|1|2024-08-17 12:10:02.328438
263|normal|1|2024-08-17 12:10:02.328438
264|normal|1|2024-08-17 12:10:02.328438
265|bug|1|2024-08-17 12:10:02.328438
266|bug|1|2024-08-17 12:10:02.328438
267|bug|1|2024-08-17 12:10:02.328438
267|flying|2|2024-08-17 12:10:02.328438
268|bug|1|2024-08-17 12:10:02.328438
269|bug|1|2024-08-17 12:10:02.328438
269|poison|2|2024-08-17 12:10:02.328438
270|water|1|2024-08-17 12:10:02.328438
270|grass|2|2024-08-17 12:10:02.328438
271|water|1|2024-08-17 12:10:02.328438
271|grass|2|2024-08-17 12:10:02.328438
272|water|1|2024-08-17 12:10:02.328438
272|grass|2|2024-08-17 12:10:02.328438
273|grass|1|2024-08-17 12:10:02.328438
274|grass|1|2024-08-17 12:10:02.328438
274|dark|2|2024-08-17 12:10:02.328438
275|grass|1|2024-08-17 12:10:02.328438
275|dark|2|2024-08-17 12:10:02.328438
276|normal|1|2024-08-17 12:10:02.328438
276|flying|2|2024-08-17 12:10:02.328438
277|normal|1|2024-08-17 12:10:02.328438
277|flying|2|2024-08-17 12:10:02.328438
278|water|1|2024-08-17 12:10:02.328438
278|flying|2|2024-08-17 12:10:02.328438
279|water|1|2024-08-17 12:10:02.328438
279|flying|2|2024-08-17 12:10:02.328438
280|psychic|1|2024-08-17 12:10:02.328438
280|fairy|2|2024-08-17 12:10:02.328438
281|psychic|1|2024-08-17 12:10:02.328438
281|fairy|2|2024-08-17 12:10:02.328438
282|psychic|1|2024-08-17 12:10:02.328438
282|fairy|2|2024-08-17 12:10:02.328438
283|bug|1|2024-08-17 12:10:02.328438
283|water|2|2024-08-17 12:10:02.328438
284|bug|1|2024-08-17 12:10:02.328438
284|flying|2|2024-08-17 12:10:02.328438
285|grass|1|2024-08-17 12:10:02.328438
286|grass|1|2024-08-17 12:10:02.328438
286|fighting|2|2024-08-17 12:10:02.328438
287|normal|1|2024-08-17 12:10:02.328438
288|normal|1|2024-08-17 12:10:02.328438
289|normal|1|2024-08-17 12:10:02.328438
290|bug|1|2024-08-17 12:10:02.328438
290|ground|2|2024-08-17 12:10:02.328438
291|bug|1|2024-08-17 12:10:02.328438
291|flying|2|2024-08-17 12:10:02.328438
292|bug|1|2024-08-17 12:10:02.328438
292|ghost|2|2024-08-17 12:10:02.328438
293|normal|1|2024-08-17 12:10:02.328438
294|normal|1|2024-08-17 12:10:02.328438
295|normal|1|2024-08-17 12:10:02.328438
296|fighting|1|2024-08-17 12:10:02.328438
297|fighting|1|2024-08-17 12:10:02.328438
298|normal|1|2024-08-17 12:10:02.328438
298|fairy|2|2024-08-17 12:10:02.328438
299|rock|1|2024-08-17 12:10:02.328438
300|normal|1|2024-08-17 12:10:02.328438
301|normal|1|2024-08-17 12:10:02.328438
302|dark|1|2024-08-17 12:10:02.328438
302|ghost|2|2024-08-17 12:10:02.328438
303|steel|1|2024-08-17 12:10:02.328438
303|fairy|2|2024-08-17 12:10:02.328438
304|steel|1|2024-08-17 12:10:02.328438
304|rock|2|2024-08-17 12:10:02.328438
305|steel|1|2024-08-17 12:10:02.328438
305|rock|2|2024-08-17 12:10:02.328438
306|steel|1|2024-08-17 12:10:02.328438
306|rock|2|2024-08-17 12:10:02.328438
307|fighting|1|2024-08-17 12:10:02.328438
307|psychic|2|2024-08-17 12:10:02.328438
308|fighting|1|2024-08-17 12:10:02.328438
308|psychic|2|2024-08-17 12:10:02.328438
309|electric|1|2024-08-17 12:10:02.328438
310|electric|1|2024-08-17 12:10:02.328438
311|electric|1|2024-08-17 12:10:02.328438
312|electric|1|2024-08-17 12:10:02.328438
313|bug|1|2024-08-17 12:10:02.328438
314|bug|1|2024-08-17 12:10:02.328438
315|grass|1|2024-08-17 12:10:02.328438
315|poison|2|2024-08-17 12:10:02.328438
316|poison|1|2024-08-17 12:10:02.328438
317|poison|1|2024-08-17 12:10:02.328438
318|water|1|2024-08-17 12:10:02.328438
318|dark|2|2024-08-17 12:10:02.328438
319|water|1|2024-08-17 12:10:02.328438
319|dark|2|2024-08-17 12:10:02.328438
320|water|1|2024-08-17 12:10:02.328438
321|water|1|2024-08-17 12:10:02.328438
322|fire|1|2024-08-17 12:10:02.328438
322|ground|2|2024-08-17 12:10:02.328438
323|fire|1|2024-08-17 12:10:02.328438
323|ground|2|2024-08-17 12:10:02.328438
324|fire|1|2024-08-17 12:10:02.328438
325|psychic|1|2024-08-17 12:10:02.328438
326|psychic|1|2024-08-17 12:10:02.328438
327|normal|1|2024-08-17 12:10:02.328438
328|ground|1|2024-08-17 12:10:02.328438
329|ground|1|2024-08-17 12:10:02.328438
329|dragon|2|2024-08-17 12:10:02.328438
330|ground|1|2024-08-17 12:10:02.328438
330|dragon|2|2024-08-17 12:10:02.328438
331|grass|1|2024-08-17 12:10:02.328438
332|grass|1|2024-08-17 12:10:02.328438
332|dark|2|2024-08-17 12:10:02.328438
333|normal|1|2024-08-17 12:10:02.328438
333|flying|2|2024-08-17 12:10:02.328438
334|dragon|1|2024-08-17 12:10:02.328438
334|flying|2|2024-08-17 12:10:02.328438
335|normal|1|2024-08-17 12:10:02.328438
336|poison|1|2024-08-17 12:10:02.328438
337|rock|1|2024-08-17 12:10:02.328438
337|psychic|2|2024-08-17 12:10:02.328438
338|rock|1|2024-08-17 12:10:02.328438
338|psychic|2|2024-08-17 12:10:02.328438
339|water|1|2024-08-17 12:10:02.328438
339|ground|2|2024-08-17 12:10:02.328438
340|water|1|2024-08-17 12:10:02.328438
340|ground|2|2024-08-17 12:10:02.328438
341|water|1|2024-08-17 12:10:02.328438
342|water|1|2024-08-17 12:10:02.328438
342|dark|2|2024-08-17 12:10:02.328438
343|ground|1|2024-08-17 12:10:02.328438
343|psychic|2|2024-08-17 12:10:02.328438
344|ground|1|2024-08-17 12:10:02.328438
344|psychic|2|2024-08-17 12:10:02.328438
345|rock|1|2024-08-17 12:10:02.328438
345|grass|2|2024-08-17 12:10:02.328438
346|rock|1|2024-08-17 12:10:02.328438
346|grass|2|2024-08-17 12:10:02.328438
347|rock|1|2024-08-17 12:10:02.328438
347|bug|2|2024-08-17 12:10:02.328438
348|rock|1|2024-08-17 12:10:02.328438
348|bug|2|2024-08-17 12:10:02.328438
349|water|1|2024-08-17 12:10:02.328438
350|water|1|2024-08-17 12:10:02.328438
351|normal|1|2024-08-17 12:10:02.328438
352|normal|1|2024-08-17 12:10:02.328438
353|ghost|1|2024-08-17 12:10:02.328438
354|ghost|1|2024-08-17 12:10:02.328438
355|ghost|1|2024-08-17 12:10:02.328438
356|ghost|1|2024-08-17 12:10:02.328438
357|grass|1|2024-08-17 12:10:02.328438
357|flying|2|2024-08-17 12:10:02.328438
358|psychic|1|2024-08-17 12:10:02.328438
359|dark|1|2024-08-17 12:10:02.328438
360|psychic|1|2024-08-17 12:10:02.328438
361|ice|1|2024-08-17 12:10:02.328438
362|ice|1|2024-08-17 12:10:02.328438
363|ice|1|2024-08-17 12:10:02.328438
363|water|2|2024-08-17 12:10:02.328438
364|ice|1|2024-08-17 12:10:02.328438
364|water|2|2024-08-17 12:10:02.328438
365|ice|1|2024-08-17 12:10:02.328438
365|water|2|2024-08-17 12:10:02.328438
366|water|1|2024-08-17 12:10:02.328438
367|water|1|2024-08-17 12:10:02.328438
368|water|1|2024-08-17 12:10:02.328438
369|water|1|2024-08-17 12:10:02.328438
369|rock|2|2024-08-17 12:10:02.328438
370|water|1|2024-08-17 12:10:02.328438
371|dragon|1|2024-08-17 12:10:02.328438
372|dragon|1|2024-08-17 12:10:02.328438
373|dragon|1|2024-08-17 12:10:02.328438
373|flying|2|2024-08-17 12:10:02.328438
374|steel|1|2024-08-17 12:10:02.328438
374|psychic|2|2024-08-17 12:10:02.328438
375|steel|1|2024-08-17 12:10:02.328438
375|psychic|2|2024-08-17 12:10:02.328438
376|steel|1|2024-08-17 12:10:02.328438
376|psychic|2|2024-08-17 12:10:02.328438
377|rock|1|2024-08-17 12:10:02.328438
378|ice|1|2024-08-17 12:10:02.328438
379|steel|1|2024-08-17 12:10:02.328438
380|dragon|1|2024-08-17 12:10:02.328438
380|psychic|2|2024-08-17 12:10:02.328438
381|dragon|1|2024-08-17 12:10:02.328438
381|psychic|2|2024-08-17 12:10:02.328438
382|water|1|2024-08-17 12:10:02.328438
383|ground|1|2024-08-17 12:10:02.328438
384|dragon|1|2024-08-17 12:10:02.328438
384|flying|2|2024-08-17 12:10:02.328438
385|steel|1|2024-08-17 12:10:02.328438
385|psychic|2|2024-08-17 12:10:02.328438
386|psychic|1|2024-08-17 12:10:02.328438
387|grass|1|2024-08-17 12:10:02.328438
388|grass|1|2024-08-17 12:10:02.328438
389|grass|1|2024-08-17 12:10:02.328438
389|ground|2|2024-08-17 12:10:02.328438
390|fire|1|2024-08-17 12:10:02.328438
391|fire|1|2024-08-17 12:10:02.328438
391|fighting|2|2024-08-17 12:10:02.328438
392|fire|1|2024-08-17 12:10:02.328438
392|fighting|2|2024-08-17 12:10:02.328438
393|water|1|2024-08-17 12:10:02.328438
394|water|1|2024-08-17 12:10:02.328438
395|water|1|2024-08-17 12:10:02.328438
395|steel|2|2024-08-17 12:10:02.328438
396|normal|1|2024-08-17 12:10:02.328438
396|flying|2|2024-08-17 12:10:02.328438
397|normal|1|2024-08-17 12:10:02.328438
397|flying|2|2024-08-17 12:10:02.328438
398|normal|1|2024-08-17 12:10:02.328438
398|flying|2|2024-08-17 12:10:02.328438
399|normal|1|2024-08-17 12:10:02.328438
400|normal|1|2024-08-17 12:10:02.328438
400|water|2|2024-08-17 12:10:02.328438
401|bug|1|2024-08-17 12:10:02.328438
402|bug|1|2024-08-17 12:10:02.328438
403|electric|1|2024-08-17 12:10:02.328438
404|electric|1|2024-08-17 12:10:02.328438
405|electric|1|2024-08-17 12:10:02.328438
406|grass|1|2024-08-17 12:10:02.328438
406|poison|2|2024-08-17 12:10:02.328438
407|grass|1|2024-08-17 12:10:02.328438
407|poison|2|2024-08-17 12:10:02.328438
408|rock|1|2024-08-17 12:10:02.328438
409|rock|1|2024-08-17 12:10:02.328438
410|rock|1|2024-08-17 12:10:02.328438
410|steel|2|2024-08-17 12:10:02.328438
411|rock|1|2024-08-17 12:10:02.328438
411|steel|2|2024-08-17 12:10:02.328438
412|bug|1|2024-08-17 12:10:02.328438
413|bug|1|2024-08-17 12:10:02.328438
413|grass|2|2024-08-17 12:10:02.328438
414|bug|1|2024-08-17 12:10:02.328438
414|flying|2|2024-08-17 12:10:02.328438
415|bug|1|2024-08-17 12:10:02.328438
415|flying|2|2024-08-17 12:10:02.328438
416|bug|1|2024-08-17 12:10:02.328438
416|flying|2|2024-08-17 12:10:02.328438
417|electric|1|2024-08-17 12:10:02.328438
418|water|1|2024-08-17 12:10:02.328438
419|water|1|2024-08-17 12:10:02.328438
420|grass|1|2024-08-17 12:10:02.328438
421|grass|1|2024-08-17 12:10:02.328438
422|water|1|2024-08-17 12:10:02.328438
423|water|1|2024-08-17 12:10:02.328438
423|ground|2|2024-08-17 12:10:02.328438
424|normal|1|2024-08-17 12:10:02.328438
425|ghost|1|2024-08-17 12:10:02.328438
425|flying|2|2024-08-17 12:10:02.328438
426|ghost|1|2024-08-17 12:10:02.328438
426|flying|2|2024-08-17 12:10:02.328438
427|normal|1|2024-08-17 12:10:02.328438
428|normal|1|2024-08-17 12:10:02.328438
429|ghost|1|2024-08-17 12:10:02.328438
430|dark|1|2024-08-17 12:10:02.328438
430|flying|2|2024-08-17 12:10:02.328438
431|normal|1|2024-08-17 12:10:02.328438
432|normal|1|2024-08-17 12:10:02.328438
433|psychic|1|2024-08-17 12:10:02.328438
434|poison|1|2024-08-17 12:10:02.328438
434|dark|2|2024-08-17 12:10:02.328438
435|poison|1|2024-08-17 12:10:02.328438
435|dark|2|2024-08-17 12:10:02.328438
436|steel|1|2024-08-17 12:10:02.328438
436|psychic|2|2024-08-17 12:10:02.328438
437|steel|1|2024-08-17 12:10:02.328438
437|psychic|2|2024-08-17 12:10:02.328438
438|rock|1|2024-08-17 12:10:02.328438
439|psychic|1|2024-08-17 12:10:02.328438
439|fairy|2|2024-08-17 12:10:02.328438
440|normal|1|2024-08-17 12:10:02.328438
441|normal|1|2024-08-17 12:10:02.328438
441|flying|2|2024-08-17 12:10:02.328438
442|ghost|1|2024-08-17 12:10:02.328438
442|dark|2|2024-08-17 12:10:02.328438
443|dragon|1|2024-08-17 12:10:02.328438
443|ground|2|2024-08-17 12:10:02.328438
444|dragon|1|2024-08-17 12:10:02.328438
444|ground|2|2024-08-17 12:10:02.328438
445|dragon|1|2024-08-17 12:10:02.328438
445|ground|2|2024-08-17 12:10:02.328438
446|normal|1|2024-08-17 12:10:02.328438
447|fighting|1|2024-08-17 12:10:02.328438
448|fighting|1|2024-08-17 12:10:02.328438
448|steel|2|2024-08-17 12:10:02.328438
449|ground|1|2024-08-17 12:10:02.328438
450|ground|1|2024-08-17 12:10:02.328438
451|poison|1|2024-08-17 12:10:02.328438
451|bug|2|2024-08-17 12:10:02.328438
452|poison|1|2024-08-17 12:10:02.328438
452|dark|2|2024-08-17 12:10:02.328438
453|poison|1|2024-08-17 12:10:02.328438
453|fighting|2|2024-08-17 12:10:02.328438
454|poison|1|2024-08-17 12:10:02.328438
454|fighting|2|2024-08-17 12:10:02.328438
455|grass|1|2024-08-17 12:10:02.328438
456|water|1|2024-08-17 12:10:02.328438
457|water|1|2024-08-17 12:10:02.328438
458|water|1|2024-08-17 12:10:02.328438
458|flying|2|2024-08-17 12:10:02.328438
459|grass|1|2024-08-17 12:10:02.328438
459|ice|2|2024-08-17 12:10:02.328438
460|grass|1|2024-08-17 12:10:02.328438
460|ice|2|2024-08-17 12:10:02.328438
461|dark|1|2024-08-17 12:10:02.328438
461|ice|2|2024-08-17 12:10:02.328438
462|electric|1|2024-08-17 12:10:02.328438
462|steel|2|2024-08-17 12:10:02.328438
463|normal|1|2024-08-17 12:10:02.328438
464|ground|1|2024-08-17 12:10:02.328438
464|rock|2|2024-08-17 12:10:02.328438
465|grass|1|2024-08-17 12:10:02.328438
466|electric|1|2024-08-17 12:10:02.328438
467|fire|1|2024-08-17 12:10:02.328438
468|fairy|1|2024-08-17 12:10:02.328438
468|flying|2|2024-08-17 12:10:02.328438
469|bug|1|2024-08-17 12:10:02.328438
469|flying|2|2024-08-17 12:10:02.328438
470|grass|1|2024-08-17 12:10:02.328438
471|ice|1|2024-08-17 12:10:02.328438
472|ground|1|2024-08-17 12:10:02.328438
472|flying|2|2024-08-17 12:10:02.328438
473|ice|1|2024-08-17 12:10:02.328438
473|ground|2|2024-08-17 12:10:02.328438
474|normal|1|2024-08-17 12:10:02.328438
475|psychic|1|2024-08-17 12:10:02.328438
475|fighting|2|2024-08-17 12:10:02.328438
476|rock|1|2024-08-17 12:10:02.328438
476|steel|2|2024-08-17 12:10:02.328438
477|ghost|1|2024-08-17 12:10:02.328438
478|ice|1|2024-08-17 12:10:02.328438
478|ghost|2|2024-08-17 12:10:02.328438
479|electric|1|2024-08-17 12:10:02.328438
479|ghost|2|2024-08-17 12:10:02.328438
480|psychic|1|2024-08-17 12:10:02.328438
481|psychic|1|2024-08-17 12:10:02.328438
482|psychic|1|2024-08-17 12:10:02.328438
483|steel|1|2024-08-17 12:10:02.328438
483|dragon|2|2024-08-17 12:10:02.328438
484|water|1|2024-08-17 12:10:02.328438
484|dragon|2|2024-08-17 12:10:02.328438
485|fire|1|2024-08-17 12:10:02.328438
485|steel|2|2024-08-17 12:10:02.328438
486|normal|1|2024-08-17 12:10:02.328438
487|ghost|1|2024-08-17 12:10:02.328438
487|dragon|2|2024-08-17 12:10:02.328438
488|psychic|1|2024-08-17 12:10:02.328438
489|water|1|2024-08-17 12:10:02.328438
490|water|1|2024-08-17 12:10:02.328438
491|dark|1|2024-08-17 12:10:02.328438
492|grass|1|2024-08-17 12:10:02.328438
493|normal|1|2024-08-17 12:10:02.328438
494|psychic|1|2024-08-17 12:10:02.328438
494|fire|2|2024-08-17 12:10:02.328438
495|grass|1|2024-08-17 12:10:02.328438
496|grass|1|2024-08-17 12:10:02.328438
497|grass|1|2024-08-17 12:10:02.328438
498|fire|1|2024-08-17 12:10:02.328438
499|fire|1|2024-08-17 12:10:02.328438
499|fighting|2|2024-08-17 12:10:02.328438
500|fire|1|2024-08-17 12:10:02.328438
500|fighting|2|2024-08-17 12:10:02.328438
501|water|1|2024-08-17 12:10:02.328438
502|water|1|2024-08-17 12:10:02.328438
503|water|1|2024-08-17 12:10:02.328438
504|normal|1|2024-08-17 12:10:02.328438
505|normal|1|2024-08-17 12:10:02.328438
506|normal|1|2024-08-17 12:10:02.328438
507|normal|1|2024-08-17 12:10:02.328438
508|normal|1|2024-08-17 12:10:02.328438
509|dark|1|2024-08-17 12:10:02.328438
510|dark|1|2024-08-17 12:10:02.328438
511|grass|1|2024-08-17 12:10:02.328438
512|grass|1|2024-08-17 12:10:02.328438
513|fire|1|2024-08-17 12:10:02.328438
514|fire|1|2024-08-17 12:10:02.328438
515|water|1|2024-08-17 12:10:02.328438
516|water|1|2024-08-17 12:10:02.328438
517|psychic|1|2024-08-17 12:10:02.328438
518|psychic|1|2024-08-17 12:10:02.328438
519|normal|1|2024-08-17 12:10:02.328438
519|flying|2|2024-08-17 12:10:02.328438
520|normal|1|2024-08-17 12:10:02.328438
520|flying|2|2024-08-17 12:10:02.328438
521|normal|1|2024-08-17 12:10:02.328438
521|flying|2|2024-08-17 12:10:02.328438
522|electric|1|2024-08-17 12:10:02.328438
523|electric|1|2024-08-17 12:10:02.328438
524|rock|1|2024-08-17 12:10:02.328438
525|rock|1|2024-08-17 12:10:02.328438
526|rock|1|2024-08-17 12:10:02.328438
527|psychic|1|2024-08-17 12:10:02.328438
527|flying|2|2024-08-17 12:10:02.328438
528|psychic|1|2024-08-17 12:10:02.328438
528|flying|2|2024-08-17 12:10:02.328438
529|ground|1|2024-08-17 12:10:02.328438
530|ground|1|2024-08-17 12:10:02.328438
530|steel|2|2024-08-17 12:10:02.328438
531|normal|1|2024-08-17 12:10:02.328438
532|fighting|1|2024-08-17 12:10:02.328438
533|fighting|1|2024-08-17 12:10:02.328438
534|fighting|1|2024-08-17 12:10:02.328438
535|water|1|2024-08-17 12:10:02.328438
536|water|1|2024-08-17 12:10:02.328438
536|ground|2|2024-08-17 12:10:02.328438
537|water|1|2024-08-17 12:10:02.328438
537|ground|2|2024-08-17 12:10:02.328438
538|fighting|1|2024-08-17 12:10:02.328438
539|fighting|1|2024-08-17 12:10:02.328438
540|bug|1|2024-08-17 12:10:02.328438
540|grass|2|2024-08-17 12:10:02.328438
541|bug|1|2024-08-17 12:10:02.328438
541|grass|2|2024-08-17 12:10:02.328438
542|bug|1|2024-08-17 12:10:02.328438
542|grass|2|2024-08-17 12:10:02.328438
543|bug|1|2024-08-17 12:10:02.328438
543|poison|2|2024-08-17 12:10:02.328438
544|bug|1|2024-08-17 12:10:02.328438
544|poison|2|2024-08-17 12:10:02.328438
545|bug|1|2024-08-17 12:10:02.328438
545|poison|2|2024-08-17 12:10:02.328438
546|grass|1|2024-08-17 12:10:02.328438
546|fairy|2|2024-08-17 12:10:02.328438
547|grass|1|2024-08-17 12:10:02.328438
547|fairy|2|2024-08-17 12:10:02.328438
548|grass|1|2024-08-17 12:10:02.328438
549|grass|1|2024-08-17 12:10:02.328438
550|water|1|2024-08-17 12:10:02.328438
551|ground|1|2024-08-17 12:10:02.328438
551|dark|2|2024-08-17 12:10:02.328438
552|ground|1|2024-08-17 12:10:02.328438
552|dark|2|2024-08-17 12:10:02.328438
553|ground|1|2024-08-17 12:10:02.328438
553|dark|2|2024-08-17 12:10:02.328438
554|fire|1|2024-08-17 12:10:02.328438
555|fire|1|2024-08-17 12:10:02.328438
556|grass|1|2024-08-17 12:10:02.328438
557|bug|1|2024-08-17 12:10:02.328438
557|rock|2|2024-08-17 12:10:02.328438
558|bug|1|2024-08-17 12:10:02.328438
558|rock|2|2024-08-17 12:10:02.328438
559|dark|1|2024-08-17 12:10:02.328438
559|fighting|2|2024-08-17 12:10:02.328438
560|dark|1|2024-08-17 12:10:02.328438
560|fighting|2|2024-08-17 12:10:02.328438
561|psychic|1|2024-08-17 12:10:02.328438
561|flying|2|2024-08-17 12:10:02.328438
562|ghost|1|2024-08-17 12:10:02.328438
563|ghost|1|2024-08-17 12:10:02.328438
564|water|1|2024-08-17 12:10:02.328438
564|rock|2|2024-08-17 12:10:02.328438
565|water|1|2024-08-17 12:10:02.328438
565|rock|2|2024-08-17 12:10:02.328438
566|rock|1|2024-08-17 12:10:02.328438
566|flying|2|2024-08-17 12:10:02.328438
567|rock|1|2024-08-17 12:10:02.328438
567|flying|2|2024-08-17 12:10:02.328438
568|poison|1|2024-08-17 12:10:02.328438
569|poison|1|2024-08-17 12:10:02.328438
570|dark|1|2024-08-17 12:10:02.328438
571|dark|1|2024-08-17 12:10:02.328438
572|normal|1|2024-08-17 12:10:02.328438
573|normal|1|2024-08-17 12:10:02.328438
574|psychic|1|2024-08-17 12:10:02.328438
575|psychic|1|2024-08-17 12:10:02.328438
576|psychic|1|2024-08-17 12:10:02.328438
577|psychic|1|2024-08-17 12:10:02.328438
578|psychic|1|2024-08-17 12:10:02.328438
579|psychic|1|2024-08-17 12:10:02.328438
580|water|1|2024-08-17 12:10:02.328438
580|flying|2|2024-08-17 12:10:02.328438
581|water|1|2024-08-17 12:10:02.328438
581|flying|2|2024-08-17 12:10:02.328438
582|ice|1|2024-08-17 12:10:02.328438
583|ice|1|2024-08-17 12:10:02.328438
584|ice|1|2024-08-17 12:10:02.328438
585|normal|1|2024-08-17 12:10:02.328438
585|grass|2|2024-08-17 12:10:02.328438
586|normal|1|2024-08-17 12:10:02.328438
586|grass|2|2024-08-17 12:10:02.328438
587|electric|1|2024-08-17 12:10:02.328438
587|flying|2|2024-08-17 12:10:02.328438
588|bug|1|2024-08-17 12:10:02.328438
589|bug|1|2024-08-17 12:10:02.328438
589|steel|2|2024-08-17 12:10:02.328438
590|grass|1|2024-08-17 12:10:02.328438
590|poison|2|2024-08-17 12:10:02.328438
591|grass|1|2024-08-17 12:10:02.328438
591|poison|2|2024-08-17 12:10:02.328438
592|water|1|2024-08-17 12:10:02.328438
592|ghost|2|2024-08-17 12:10:02.328438
593|water|1|2024-08-17 12:10:02.328438
593|ghost|2|2024-08-17 12:10:02.328438
594|water|1|2024-08-17 12:10:02.328438
595|bug|1|2024-08-17 12:10:02.328438
595|electric|2|2024-08-17 12:10:02.328438
596|bug|1|2024-08-17 12:10:02.328438
596|electric|2|2024-08-17 12:10:02.328438
597|grass|1|2024-08-17 12:10:02.328438
597|steel|2|2024-08-17 12:10:02.328438
598|grass|1|2024-08-17 12:10:02.328438
598|steel|2|2024-08-17 12:10:02.328438
599|steel|1|2024-08-17 12:10:02.328438
600|steel|1|2024-08-17 12:10:02.328438
601|steel|1|2024-08-17 12:10:02.328438
602|electric|1|2024-08-17 12:10:02.328438
603|electric|1|2024-08-17 12:10:02.328438
604|electric|1|2024-08-17 12:10:02.328438
605|psychic|1|2024-08-17 12:10:02.328438
606|psychic|1|2024-08-17 12:10:02.328438
607|ghost|1|2024-08-17 12:10:02.328438
607|fire|2|2024-08-17 12:10:02.328438
608|ghost|1|2024-08-17 12:10:02.328438
608|fire|2|2024-08-17 12:10:02.328438
609|ghost|1|2024-08-17 12:10:02.328438
609|fire|2|2024-08-17 12:10:02.328438
610|dragon|1|2024-08-17 12:10:02.328438
611|dragon|1|2024-08-17 12:10:02.328438
612|dragon|1|2024-08-17 12:10:02.328438
613|ice|1|2024-08-17 12:10:02.328438
614|ice|1|2024-08-17 12:10:02.328438
615|ice|1|2024-08-17 12:10:02.328438
616|bug|1|2024-08-17 12:10:02.328438
617|bug|1|2024-08-17 12:10:02.328438
618|ground|1|2024-08-17 12:10:02.328438
618|electric|2|2024-08-17 12:10:02.328438
619|fighting|1|2024-08-17 12:10:02.328438
620|fighting|1|2024-08-17 12:10:02.328438
621|dragon|1|2024-08-17 12:10:02.328438
622|ground|1|2024-08-17 12:10:02.328438
622|ghost|2|2024-08-17 12:10:02.328438
623|ground|1|2024-08-17 12:10:02.328438
623|ghost|2|2024-08-17 12:10:02.328438
624|dark|1|2024-08-17 12:10:02.328438
624|steel|2|2024-08-17 12:10:02.328438
625|dark|1|2024-08-17 12:10:02.328438
625|steel|2|2024-08-17 12:10:02.328438
626|normal|1|2024-08-17 12:10:02.328438
627|normal|1|2024-08-17 12:10:02.328438
627|flying|2|2024-08-17 12:10:02.328438
628|normal|1|2024-08-17 12:10:02.328438
628|flying|2|2024-08-17 12:10:02.328438
629|dark|1|2024-08-17 12:10:02.328438
629|flying|2|2024-08-17 12:10:02.328438
630|dark|1|2024-08-17 12:10:02.328438
630|flying|2|2024-08-17 12:10:02.328438
631|fire|1|2024-08-17 12:10:02.328438
632|bug|1|2024-08-17 12:10:02.328438
632|steel|2|2024-08-17 12:10:02.328438
633|dark|1|2024-08-17 12:10:02.328438
633|dragon|2|2024-08-17 12:10:02.328438
634|dark|1|2024-08-17 12:10:02.328438
634|dragon|2|2024-08-17 12:10:02.328438
635|dark|1|2024-08-17 12:10:02.328438
635|dragon|2|2024-08-17 12:10:02.328438
636|bug|1|2024-08-17 12:10:02.328438
636|fire|2|2024-08-17 12:10:02.328438
637|bug|1|2024-08-17 12:10:02.328438
637|fire|2|2024-08-17 12:10:02.328438
638|steel|1|2024-08-17 12:10:02.328438
638|fighting|2|2024-08-17 12:10:02.328438
639|rock|1|2024-08-17 12:10:02.328438
639|fighting|2|2024-08-17 12:10:02.328438
640|grass|1|2024-08-17 12:10:02.328438
640|fighting|2|2024-08-17 12:10:02.328438
641|flying|1|2024-08-17 12:10:02.328438
642|electric|1|2024-08-17 12:10:02.328438
642|flying|2|2024-08-17 12:10:02.328438
643|dragon|1|2024-08-17 12:10:02.328438
643|fire|2|2024-08-17 12:10:02.328438
644|dragon|1|2024-08-17 12:10:02.328438
644|electric|2|2024-08-17 12:10:02.328438
645|ground|1|2024-08-17 12:10:02.328438
645|flying|2|2024-08-17 12:10:02.328438
646|dragon|1|2024-08-17 12:10:02.328438
646|ice|2|2024-08-17 12:10:02.328438
647|water|1|2024-08-17 12:10:02.328438
647|fighting|2|2024-08-17 12:10:02.328438
648|normal|1|2024-08-17 12:10:02.328438
648|psychic|2|2024-08-17 12:10:02.328438
649|bug|1|2024-08-17 12:10:02.328438
649|steel|2|2024-08-17 12:10:02.328438
650|grass|1|2024-08-17 12:10:02.328438
651|grass|1|2024-08-17 12:10:02.328438
652|grass|1|2024-08-17 12:10:02.328438
652|fighting|2|2024-08-17 12:10:02.328438
653|fire|1|2024-08-17 12:10:02.328438
654|fire|1|2024-08-17 12:10:02.328438
655|fire|1|2024-08-17 12:10:02.328438
655|psychic|2|2024-08-17 12:10:02.328438
656|water|1|2024-08-17 12:10:02.328438
657|water|1|2024-08-17 12:10:02.328438
658|water|1|2024-08-17 12:10:02.328438
658|dark|2|2024-08-17 12:10:02.328438
659|normal|1|2024-08-17 12:10:02.328438
660|normal|1|2024-08-17 12:10:02.328438
660|ground|2|2024-08-17 12:10:02.328438
661|normal|1|2024-08-17 12:10:02.328438
661|flying|2|2024-08-17 12:10:02.328438
662|fire|1|2024-08-17 12:10:02.328438
662|flying|2|2024-08-17 12:10:02.328438
663|fire|1|2024-08-17 12:10:02.328438
663|flying|2|2024-08-17 12:10:02.328438
664|bug|1|2024-08-17 12:10:02.328438
665|bug|1|2024-08-17 12:10:02.328438
666|bug|1|2024-08-17 12:10:02.328438
666|flying|2|2024-08-17 12:10:02.328438
667|fire|1|2024-08-17 12:10:02.328438
667|normal|2|2024-08-17 12:10:02.328438
668|fire|1|2024-08-17 12:10:02.328438
668|normal|2|2024-08-17 12:10:02.328438
669|fairy|1|2024-08-17 12:10:02.328438
670|fairy|1|2024-08-17 12:10:02.328438
671|fairy|1|2024-08-17 12:10:02.328438
672|grass|1|2024-08-17 12:10:02.328438
673|grass|1|2024-08-17 12:10:02.328438
674|fighting|1|2024-08-17 12:10:02.328438
675|fighting|1|2024-08-17 12:10:02.328438
675|dark|2|2024-08-17 12:10:02.328438
676|normal|1|2024-08-17 12:10:02.328438
677|psychic|1|2024-08-17 12:10:02.328438
678|psychic|1|2024-08-17 12:10:02.328438
679|steel|1|2024-08-17 12:10:02.328438
679|ghost|2|2024-08-17 12:10:02.328438
680|steel|1|2024-08-17 12:10:02.328438
680|ghost|2|2024-08-17 12:10:02.328438
681|steel|1|2024-08-17 12:10:02.328438
681|ghost|2|2024-08-17 12:10:02.328438
682|fairy|1|2024-08-17 12:10:02.328438
683|fairy|1|2024-08-17 12:10:02.328438
684|fairy|1|2024-08-17 12:10:02.328438
685|fairy|1|2024-08-17 12:10:02.328438
686|dark|1|2024-08-17 12:10:02.328438
686|psychic|2|2024-08-17 12:10:02.328438
687|dark|1|2024-08-17 12:10:02.328438
687|psychic|2|2024-08-17 12:10:02.328438
688|rock|1|2024-08-17 12:10:02.328438
688|water|2|2024-08-17 12:10:02.328438
689|rock|1|2024-08-17 12:10:02.328438
689|water|2|2024-08-17 12:10:02.328438
690|poison|1|2024-08-17 12:10:02.328438
690|water|2|2024-08-17 12:10:02.328438
691|poison|1|2024-08-17 12:10:02.328438
691|dragon|2|2024-08-17 12:10:02.328438
692|water|1|2024-08-17 12:10:02.328438
693|water|1|2024-08-17 12:10:02.328438
694|electric|1|2024-08-17 12:10:02.328438
694|normal|2|2024-08-17 12:10:02.328438
695|electric|1|2024-08-17 12:10:02.328438
695|normal|2|2024-08-17 12:10:02.328438
696|rock|1|2024-08-17 12:10:02.328438
696|dragon|2|2024-08-17 12:10:02.328438
697|rock|1|2024-08-17 12:10:02.328438
697|dragon|2|2024-08-17 12:10:02.328438
698|rock|1|2024-08-17 12:10:02.328438
698|ice|2|2024-08-17 12:10:02.328438
699|rock|1|2024-08-17 12:10:02.328438
699|ice|2|2024-08-17 12:10:02.328438
700|fairy|1|2024-08-17 12:10:02.328438
701|fighting|1|2024-08-17 12:10:02.328438
701|flying|2|2024-08-17 12:10:02.328438
702|electric|1|2024-08-17 12:10:02.328438
702|fairy|2|2024-08-17 12:10:02.328438
703|rock|1|2024-08-17 12:10:02.328438
703|fairy|2|2024-08-17 12:10:02.328438
704|dragon|1|2024-08-17 12:10:02.328438
705|dragon|1|2024-08-17 12:10:02.328438
706|dragon|1|2024-08-17 12:10:02.328438
707|steel|1|2024-08-17 12:10:02.328438
707|fairy|2|2024-08-17 12:10:02.328438
708|ghost|1|2024-08-17 12:10:02.328438
708|grass|2|2024-08-17 12:10:02.328438
709|ghost|1|2024-08-17 12:10:02.328438
709|grass|2|2024-08-17 12:10:02.328438
710|ghost|1|2024-08-17 12:10:02.328438
710|grass|2|2024-08-17 12:10:02.328438
711|ghost|1|2024-08-17 12:10:02.328438
711|grass|2|2024-08-17 12:10:02.328438
712|ice|1|2024-08-17 12:10:02.328438
713|ice|1|2024-08-17 12:10:02.328438
714|flying|1|2024-08-17 12:10:02.328438
714|dragon|2|2024-08-17 12:10:02.328438
715|flying|1|2024-08-17 12:10:02.328438
715|dragon|2|2024-08-17 12:10:02.328438
716|fairy|1|2024-08-17 12:10:02.328438
717|dark|1|2024-08-17 12:10:02.328438
717|flying|2|2024-08-17 12:10:02.328438
718|dragon|1|2024-08-17 12:10:02.328438
718|ground|2|2024-08-17 12:10:02.328438
719|rock|1|2024-08-17 12:10:02.328438
719|fairy|2|2024-08-17 12:10:02.328438
720|psychic|1|2024-08-17 12:10:02.328438
720|ghost|2|2024-08-17 12:10:02.328438
721|fire|1|2024-08-17 12:10:02.328438
721|water|2|2024-08-17 12:10:02.328438
722|grass|1|2024-08-17 12:10:02.328438
722|flying|2|2024-08-17 12:10:02.328438
723|grass|1|2024-08-17 12:10:02.328438
723|flying|2|2024-08-17 12:10:02.328438
724|grass|1|2024-08-17 12:10:02.328438
724|ghost|2|2024-08-17 12:10:02.328438
725|fire|1|2024-08-17 12:10:02.328438
726|fire|1|2024-08-17 12:10:02.328438
727|fire|1|2024-08-17 12:10:02.328438
727|dark|2|2024-08-17 12:10:02.328438
728|water|1|2024-08-17 12:10:02.328438
729|water|1|2024-08-17 12:10:02.328438
730|water|1|2024-08-17 12:10:02.328438
730|fairy|2|2024-08-17 12:10:02.328438
731|normal|1|2024-08-17 12:10:02.328438
731|flying|2|2024-08-17 12:10:02.328438
732|normal|1|2024-08-17 12:10:02.328438
732|flying|2|2024-08-17 12:10:02.328438
733|normal|1|2024-08-17 12:10:02.328438
733|flying|2|2024-08-17 12:10:02.328438
734|normal|1|2024-08-17 12:10:02.328438
735|normal|1|2024-08-17 12:10:02.328438
736|bug|1|2024-08-17 12:10:02.328438
737|bug|1|2024-08-17 12:10:02.328438
737|electric|2|2024-08-17 12:10:02.328438
738|bug|1|2024-08-17 12:10:02.328438
738|electric|2|2024-08-17 12:10:02.328438
739|fighting|1|2024-08-17 12:10:02.328438
740|fighting|1|2024-08-17 12:10:02.328438
740|ice|2|2024-08-17 12:10:02.328438
741|fire|1|2024-08-17 12:10:02.328438
741|flying|2|2024-08-17 12:10:02.328438
742|bug|1|2024-08-17 12:10:02.328438
742|fairy|2|2024-08-17 12:10:02.328438
743|bug|1|2024-08-17 12:10:02.328438
743|fairy|2|2024-08-17 12:10:02.328438
744|rock|1|2024-08-17 12:10:02.328438
745|rock|1|2024-08-17 12:10:02.328438
746|water|1|2024-08-17 12:10:02.328438
747|poison|1|2024-08-17 12:10:02.328438
747|water|2|2024-08-17 12:10:02.328438
748|poison|1|2024-08-17 12:10:02.328438
748|water|2|2024-08-17 12:10:02.328438
749|ground|1|2024-08-17 12:10:02.328438
750|ground|1|2024-08-17 12:10:02.328438
751|water|1|2024-08-17 12:10:02.328438
751|bug|2|2024-08-17 12:10:02.328438
752|water|1|2024-08-17 12:10:02.328438
752|bug|2|2024-08-17 12:10:02.328438
753|grass|1|2024-08-17 12:10:02.328438
754|grass|1|2024-08-17 12:10:02.328438
755|grass|1|2024-08-17 12:10:02.328438
755|fairy|2|2024-08-17 12:10:02.328438
756|grass|1|2024-08-17 12:10:02.328438
756|fairy|2|2024-08-17 12:10:02.328438
757|poison|1|2024-08-17 12:10:02.328438
757|fire|2|2024-08-17 12:10:02.328438
758|poison|1|2024-08-17 12:10:02.328438
758|fire|2|2024-08-17 12:10:02.328438
759|normal|1|2024-08-17 12:10:02.328438
759|fighting|2|2024-08-17 12:10:02.328438
760|normal|1|2024-08-17 12:10:02.328438
760|fighting|2|2024-08-17 12:10:02.328438
761|grass|1|2024-08-17 12:10:02.328438
762|grass|1|2024-08-17 12:10:02.328438
763|grass|1|2024-08-17 12:10:02.328438
764|fairy|1|2024-08-17 12:10:02.328438
765|normal|1|2024-08-17 12:10:02.328438
765|psychic|2|2024-08-17 12:10:02.328438
766|fighting|1|2024-08-17 12:10:02.328438
767|bug|1|2024-08-17 12:10:02.328438
767|water|2|2024-08-17 12:10:02.328438
768|bug|1|2024-08-17 12:10:02.328438
768|water|2|2024-08-17 12:10:02.328438
769|ghost|1|2024-08-17 12:10:02.328438
769|ground|2|2024-08-17 12:10:02.328438
770|ghost|1|2024-08-17 12:10:02.328438
770|ground|2|2024-08-17 12:10:02.328438
771|water|1|2024-08-17 12:10:02.328438
772|normal|1|2024-08-17 12:10:02.328438
773|normal|1|2024-08-17 12:10:02.328438
774|rock|1|2024-08-17 12:10:02.328438
774|flying|2|2024-08-17 12:10:02.328438
775|normal|1|2024-08-17 12:10:02.328438
776|fire|1|2024-08-17 12:10:02.328438
776|dragon|2|2024-08-17 12:10:02.328438
777|electric|1|2024-08-17 12:10:02.328438
777|steel|2|2024-08-17 12:10:02.328438
778|ghost|1|2024-08-17 12:10:02.328438
778|fairy|2|2024-08-17 12:10:02.328438
779|water|1|2024-08-17 12:10:02.328438
779|psychic|2|2024-08-17 12:10:02.328438
780|normal|1|2024-08-17 12:10:02.328438
780|dragon|2|2024-08-17 12:10:02.328438
781|ghost|1|2024-08-17 12:10:02.328438
781|grass|2|2024-08-17 12:10:02.328438
782|dragon|1|2024-08-17 12:10:02.328438
783|dragon|1|2024-08-17 12:10:02.328438
783|fighting|2|2024-08-17 12:10:02.328438
784|dragon|1|2024-08-17 12:10:02.328438
784|fighting|2|2024-08-17 12:10:02.328438
785|electric|1|2024-08-17 12:10:02.328438
785|fairy|2|2024-08-17 12:10:02.328438
786|psychic|1|2024-08-17 12:10:02.328438
786|fairy|2|2024-08-17 12:10:02.328438
787|grass|1|2024-08-17 12:10:02.328438
787|fairy|2|2024-08-17 12:10:02.328438
788|water|1|2024-08-17 12:10:02.328438
788|fairy|2|2024-08-17 12:10:02.328438
789|psychic|1|2024-08-17 12:10:02.328438
790|psychic|1|2024-08-17 12:10:02.328438
791|psychic|1|2024-08-17 12:10:02.328438
791|steel|2|2024-08-17 12:10:02.328438
792|psychic|1|2024-08-17 12:10:02.328438
792|ghost|2|2024-08-17 12:10:02.328438
793|rock|1|2024-08-17 12:10:02.328438
793|poison|2|2024-08-17 12:10:02.328438
794|bug|1|2024-08-17 12:10:02.328438
794|fighting|2|2024-08-17 12:10:02.328438
795|bug|1|2024-08-17 12:10:02.328438
795|fighting|2|2024-08-17 12:10:02.328438
796|electric|1|2024-08-17 12:10:02.328438
797|steel|1|2024-08-17 12:10:02.328438
797|flying|2|2024-08-17 12:10:02.328438
798|grass|1|2024-08-17 12:10:02.328438
798|steel|2|2024-08-17 12:10:02.328438
799|dark|1|2024-08-17 12:10:02.328438
799|dragon|2|2024-08-17 12:10:02.328438
800|psychic|1|2024-08-17 12:10:02.328438
801|steel|1|2024-08-17 12:10:02.328438
801|fairy|2|2024-08-17 12:10:02.328438
802|fighting|1|2024-08-17 12:10:02.328438
802|ghost|2|2024-08-17 12:10:02.328438
803|poison|1|2024-08-17 12:10:02.328438
804|poison|1|2024-08-17 12:10:02.328438
804|dragon|2|2024-08-17 12:10:02.328438
805|rock|1|2024-08-17 12:10:02.328438
805|steel|2|2024-08-17 12:10:02.328438
806|fire|1|2024-08-17 12:10:02.328438
806|ghost|2|2024-08-17 12:10:02.328438
807|electric|1|2024-08-17 12:10:02.328438
808|steel|1|2024-08-17 12:10:02.328438
809|steel|1|2024-08-17 12:10:02.328438
810|grass|1|2024-08-17 12:10:02.328438
811|grass|1|2024-08-17 12:10:02.328438
812|grass|1|2024-08-17 12:10:02.328438
813|fire|1|2024-08-17 12:10:02.328438
814|fire|1|2024-08-17 12:10:02.328438
815|fire|1|2024-08-17 12:10:02.328438
816|water|1|2024-08-17 12:10:02.328438
817|water|1|2024-08-17 12:10:02.328438
818|water|1|2024-08-17 12:10:02.328438
819|normal|1|2024-08-17 12:10:02.328438
820|normal|1|2024-08-17 12:10:02.328438
821|flying|1|2024-08-17 12:10:02.328438
822|flying|1|2024-08-17 12:10:02.328438
823|flying|1|2024-08-17 12:10:02.328438
823|steel|2|2024-08-17 12:10:02.328438
824|bug|1|2024-08-17 12:10:02.328438
825|bug|1|2024-08-17 12:10:02.328438
825|psychic|2|2024-08-17 12:10:02.328438
826|bug|1|2024-08-17 12:10:02.328438
826|psychic|2|2024-08-17 12:10:02.328438
827|dark|1|2024-08-17 12:10:02.328438
828|dark|1|2024-08-17 12:10:02.328438
829|grass|1|2024-08-17 12:10:02.328438
830|grass|1|2024-08-17 12:10:02.328438
831|normal|1|2024-08-17 12:10:02.328438
832|normal|1|2024-08-17 12:10:02.328438
833|water|1|2024-08-17 12:10:02.328438
834|water|1|2024-08-17 12:10:02.328438
834|rock|2|2024-08-17 12:10:02.328438
835|electric|1|2024-08-17 12:10:02.328438
836|electric|1|2024-08-17 12:10:02.328438
837|rock|1|2024-08-17 12:10:02.328438
838|rock|1|2024-08-17 12:10:02.328438
838|fire|2|2024-08-17 12:10:02.328438
839|rock|1|2024-08-17 12:10:02.328438
839|fire|2|2024-08-17 12:10:02.328438
840|grass|1|2024-08-17 12:10:02.328438
840|dragon|2|2024-08-17 12:10:02.328438
841|grass|1|2024-08-17 12:10:02.328438
841|dragon|2|2024-08-17 12:10:02.328438
842|grass|1|2024-08-17 12:10:02.328438
842|dragon|2|2024-08-17 12:10:02.328438
843|ground|1|2024-08-17 12:10:02.328438
844|ground|1|2024-08-17 12:10:02.328438
845|flying|1|2024-08-17 12:10:02.328438
845|water|2|2024-08-17 12:10:02.328438
846|water|1|2024-08-17 12:10:02.328438
847|water|1|2024-08-17 12:10:02.328438
848|electric|1|2024-08-17 12:10:02.328438
848|poison|2|2024-08-17 12:10:02.328438
849|electric|1|2024-08-17 12:10:02.328438
849|poison|2|2024-08-17 12:10:02.328438
850|fire|1|2024-08-17 12:10:02.328438
850|bug|2|2024-08-17 12:10:02.328438
851|fire|1|2024-08-17 12:10:02.328438
851|bug|2|2024-08-17 12:10:02.328438
852|fighting|1|2024-08-17 12:10:02.328438
853|fighting|1|2024-08-17 12:10:02.328438
854|ghost|1|2024-08-17 12:10:02.328438
855|ghost|1|2024-08-17 12:10:02.328438
856|psychic|1|2024-08-17 12:10:02.328438
857|psychic|1|2024-08-17 12:10:02.328438
858|psychic|1|2024-08-17 12:10:02.328438
858|fairy|2|2024-08-17 12:10:02.328438
859|dark|1|2024-08-17 12:10:02.328438
859|fairy|2|2024-08-17 12:10:02.328438
860|dark|1|2024-08-17 12:10:02.328438
860|fairy|2|2024-08-17 12:10:02.328438
861|dark|1|2024-08-17 12:10:02.328438
861|fairy|2|2024-08-17 12:10:02.328438
862|dark|1|2024-08-17 12:10:02.328438
862|normal|2|2024-08-17 12:10:02.328438
863|steel|1|2024-08-17 12:10:02.328438
864|ghost|1|2024-08-17 12:10:02.328438
865|fighting|1|2024-08-17 12:10:02.328438
866|ice|1|2024-08-17 12:10:02.328438
866|psychic|2|2024-08-17 12:10:02.328438
867|ground|1|2024-08-17 12:10:02.328438
867|ghost|2|2024-08-17 12:10:02.328438
868|fairy|1|2024-08-17 12:10:02.328438
869|fairy|1|2024-08-17 12:10:02.328438
870|fighting|1|2024-08-17 12:10:02.328438
871|electric|1|2024-08-17 12:10:02.328438
872|ice|1|2024-08-17 12:10:02.328438
872|bug|2|2024-08-17 12:10:02.328438
873|ice|1|2024-08-17 12:10:02.328438
873|bug|2|2024-08-17 12:10:02.328438
874|rock|1|2024-08-17 12:10:02.328438
875|ice|1|2024-08-17 12:10:02.328438
876|psychic|1|2024-08-17 12:10:02.328438
876|normal|2|2024-08-17 12:10:02.328438
877|electric|1|2024-08-17 12:10:02.328438
877|dark|2|2024-08-17 12:10:02.328438
878|steel|1|2024-08-17 12:10:02.328438
879|steel|1|2024-08-17 12:10:02.328438
880|electric|1|2024-08-17 12:10:02.328438
880|dragon|2|2024-08-17 12:10:02.328438
881|electric|1|2024-08-17 12:10:02.328438
881|ice|2|2024-08-17 12:10:02.328438
882|water|1|2024-08-17 12:10:02.328438
882|dragon|2|2024-08-17 12:10:02.328438
883|water|1|2024-08-17 12:10:02.328438
883|ice|2|2024-08-17 12:10:02.328438
884|steel|1|2024-08-17 12:10:02.328438
884|dragon|2|2024-08-17 12:10:02.328438
885|dragon|1|2024-08-17 12:10:02.328438
885|ghost|2|2024-08-17 12:10:02.328438
886|dragon|1|2024-08-17 12:10:02.328438
886|ghost|2|2024-08-17 12:10:02.328438
887|dragon|1|2024-08-17 12:10:02.328438
887|ghost|2|2024-08-17 12:10:02.328438
888|fairy|1|2024-08-17 12:10:02.328438
889|fighting|1|2024-08-17 12:10:02.328438
890|poison|1|2024-08-17 12:10:02.328438
890|dragon|2|2024-08-17 12:10:02.328438
891|fighting|1|2024-08-17 12:10:02.328438
892|fighting|1|2024-08-17 12:10:02.328438
892|dark|2|2024-08-17 12:10:02.328438
893|dark|1|2024-08-17 12:10:02.328438
893|grass|2|2024-08-17 12:10:02.328438
894|electric|1|2024-08-17 12:10:02.328438
895|dragon|1|2024-08-17 12:10:02.328438
896|ice|1|2024-08-17 12:10:02.328438
897|ghost|1|2024-08-17 12:10:02.328438
898|psychic|1|2024-08-17 12:10:02.328438
898|grass|2|2024-08-17 12:10:02.328438
899|normal|1|2024-08-17 12:10:02.328438
899|psychic|2|2024-08-17 12:10:02.328438
900|bug|1|2024-08-17 12:10:02.328438
900|rock|2|2024-08-17 12:10:02.328438
901|ground|1|2024-08-17 12:10:02.328438
901|normal|2|2024-08-17 12:10:02.328438
902|water|1|2024-08-17 12:10:02.328438
902|ghost|2|2024-08-17 12:10:02.328438
903|fighting|1|2024-08-17 12:10:02.328438
903|poison|2|2024-08-17 12:10:02.328438
904|dark|1|2024-08-17 12:10:02.328438
904|poison|2|2024-08-17 12:10:02.328438
905|fairy|1|2024-08-17 12:10:02.328438
905|flying|2|2024-08-17 12:10:02.328438
906|grass|1|2024-08-17 12:10:02.328438
907|grass|1|2024-08-17 12:10:02.328438
908|grass|1|2024-08-17 12:10:02.328438
908|dark|2|2024-08-17 12:10:02.328438
909|fire|1|2024-08-17 12:10:02.328438
910|fire|1|2024-08-17 12:10:02.328438
911|fire|1|2024-08-17 12:10:02.328438
911|ghost|2|2024-08-17 12:10:02.328438
912|water|1|2024-08-17 12:10:02.328438
913|water|1|2024-08-17 12:10:02.328438
914|water|1|2024-08-17 12:10:02.328438
914|fighting|2|2024-08-17 12:10:02.328438
915|normal|1|2024-08-17 12:10:02.328438
916|normal|1|2024-08-17 12:10:02.328438
917|bug|1|2024-08-17 12:10:02.328438
918|bug|1|2024-08-17 12:10:02.328438
919|bug|1|2024-08-17 12:10:02.328438
920|bug|1|2024-08-17 12:10:02.328438
920|dark|2|2024-08-17 12:10:02.328438
921|electric|1|2024-08-17 12:10:02.328438
922|electric|1|2024-08-17 12:10:02.328438
922|fighting|2|2024-08-17 12:10:02.328438
923|electric|1|2024-08-17 12:10:02.328438
923|fighting|2|2024-08-17 12:10:02.328438
924|normal|1|2024-08-17 12:10:02.328438
925|normal|1|2024-08-17 12:10:02.328438
926|fairy|1|2024-08-17 12:10:02.328438
927|fairy|1|2024-08-17 12:10:02.328438
928|grass|1|2024-08-17 12:10:02.328438
928|normal|2|2024-08-17 12:10:02.328438
929|grass|1|2024-08-17 12:10:02.328438
929|normal|2|2024-08-17 12:10:02.328438
930|grass|1|2024-08-17 12:10:02.328438
930|normal|2|2024-08-17 12:10:02.328438
931|normal|1|2024-08-17 12:10:02.328438
931|flying|2|2024-08-17 12:10:02.328438
932|rock|1|2024-08-17 12:10:02.328438
933|rock|1|2024-08-17 12:10:02.328438
934|rock|1|2024-08-17 12:10:02.328438
935|fire|1|2024-08-17 12:10:02.328438
936|fire|1|2024-08-17 12:10:02.328438
936|psychic|2|2024-08-17 12:10:02.328438
937|fire|1|2024-08-17 12:10:02.328438
937|ghost|2|2024-08-17 12:10:02.328438
938|electric|1|2024-08-17 12:10:02.328438
939|electric|1|2024-08-17 12:10:02.328438
940|electric|1|2024-08-17 12:10:02.328438
940|flying|2|2024-08-17 12:10:02.328438
941|electric|1|2024-08-17 12:10:02.328438
941|flying|2|2024-08-17 12:10:02.328438
942|dark|1|2024-08-17 12:10:02.328438
943|dark|1|2024-08-17 12:10:02.328438
944|poison|1|2024-08-17 12:10:02.328438
944|normal|2|2024-08-17 12:10:02.328438
945|poison|1|2024-08-17 12:10:02.328438
945|normal|2|2024-08-17 12:10:02.328438
946|grass|1|2024-08-17 12:10:02.328438
946|ghost|2|2024-08-17 12:10:02.328438
947|grass|1|2024-08-17 12:10:02.328438
947|ghost|2|2024-08-17 12:10:02.328438
948|ground|1|2024-08-17 12:10:02.328438
948|grass|2|2024-08-17 12:10:02.328438
949|ground|1|2024-08-17 12:10:02.328438
949|grass|2|2024-08-17 12:10:02.328438
950|rock|1|2024-08-17 12:10:02.328438
951|grass|1|2024-08-17 12:10:02.328438
952|grass|1|2024-08-17 12:10:02.328438
952|fire|2|2024-08-17 12:10:02.328438
953|bug|1|2024-08-17 12:10:02.328438
954|bug|1|2024-08-17 12:10:02.328438
954|psychic|2|2024-08-17 12:10:02.328438
955|psychic|1|2024-08-17 12:10:02.328438
956|psychic|1|2024-08-17 12:10:02.328438
957|fairy|1|2024-08-17 12:10:02.328438
957|steel|2|2024-08-17 12:10:02.328438
958|fairy|1|2024-08-17 12:10:02.328438
958|steel|2|2024-08-17 12:10:02.328438
959|fairy|1|2024-08-17 12:10:02.328438
959|steel|2|2024-08-17 12:10:02.328438
960|water|1|2024-08-17 12:10:02.328438
961|water|1|2024-08-17 12:10:02.328438
962|flying|1|2024-08-17 12:10:02.328438
962|dark|2|2024-08-17 12:10:02.328438
963|water|1|2024-08-17 12:10:02.328438
964|water|1|2024-08-17 12:10:02.328438
965|steel|1|2024-08-17 12:10:02.328438
965|poison|2|2024-08-17 12:10:02.328438
966|steel|1|2024-08-17 12:10:02.328438
966|poison|2|2024-08-17 12:10:02.328438
967|dragon|1|2024-08-17 12:10:02.328438
967|normal|2|2024-08-17 12:10:02.328438
968|steel|1|2024-08-17 12:10:02.328438
969|rock|1|2024-08-17 12:10:02.328438
969|poison|2|2024-08-17 12:10:02.328438
970|rock|1|2024-08-17 12:10:02.328438
970|poison|2|2024-08-17 12:10:02.328438
971|ghost|1|2024-08-17 12:10:02.328438
972|ghost|1|2024-08-17 12:10:02.328438
973|flying|1|2024-08-17 12:10:02.328438
973|fighting|2|2024-08-17 12:10:02.328438
974|ice|1|2024-08-17 12:10:02.328438
975|ice|1|2024-08-17 12:10:02.328438
976|water|1|2024-08-17 12:10:02.328438
976|psychic|2|2024-08-17 12:10:02.328438
977|water|1|2024-08-17 12:10:02.328438
978|dragon|1|2024-08-17 12:10:02.328438
978|water|2|2024-08-17 12:10:02.328438
979|fighting|1|2024-08-17 12:10:02.328438
979|ghost|2|2024-08-17 12:10:02.328438
980|poison|1|2024-08-17 12:10:02.328438
980|ground|2|2024-08-17 12:10:02.328438
981|normal|1|2024-08-17 12:10:02.328438
981|psychic|2|2024-08-17 12:10:02.328438
982|normal|1|2024-08-17 12:10:02.328438
983|dark|1|2024-08-17 12:10:02.328438
983|steel|2|2024-08-17 12:10:02.328438
984|ground|1|2024-08-17 12:10:02.328438
984|fighting|2|2024-08-17 12:10:02.328438
985|fairy|1|2024-08-17 12:10:02.328438
985|psychic|2|2024-08-17 12:10:02.328438
986|grass|1|2024-08-17 12:10:02.328438
986|dark|2|2024-08-17 12:10:02.328438
987|ghost|1|2024-08-17 12:10:02.328438
987|fairy|2|2024-08-17 12:10:02.328438
988|bug|1|2024-08-17 12:10:02.328438
988|fighting|2|2024-08-17 12:10:02.328438
989|electric|1|2024-08-17 12:10:02.328438
989|ground|2|2024-08-17 12:10:02.328438
990|ground|1|2024-08-17 12:10:02.328438
990|steel|2|2024-08-17 12:10:02.328438
991|ice|1|2024-08-17 12:10:02.328438
991|water|2|2024-08-17 12:10:02.328438
992|fighting|1|2024-08-17 12:10:02.328438
992|electric|2|2024-08-17 12:10:02.328438
993|dark|1|2024-08-17 12:10:02.328438
993|flying|2|2024-08-17 12:10:02.328438
994|fire|1|2024-08-17 12:10:02.328438
994|poison|2|2024-08-17 12:10:02.328438
995|rock|1|2024-08-17 12:10:02.328438
995|electric|2|2024-08-17 12:10:02.328438
996|dragon|1|2024-08-17 12:10:02.328438
996|ice|2|2024-08-17 12:10:02.328438
997|dragon|1|2024-08-17 12:10:02.328438
997|ice|2|2024-08-17 12:10:02.328438
998|dragon|1|2024-08-17 12:10:02.328438
998|ice|2|2024-08-17 12:10:02.328438
999|ghost|1|2024-08-17 12:10:02.328438
1000|steel|1|2024-08-17 12:10:02.328438
1000|ghost|2|2024-08-17 12:10:02.328438
1001|dark|1|2024-08-17 12:10:02.328438
1001|grass|2|2024-08-17 12:10:02.328438
1002|dark|1|2024-08-17 12:10:02.328438
1002|ice|2|2024-08-17 12:10:02.328438
1003|dark|1|2024-08-17 12:10:02.328438
1003|ground|2|2024-08-17 12:10:02.328438
1004|dark|1|2024-08-17 12:10:02.328438
1004|fire|2|2024-08-17 12:10:02.328438
1005|dragon|1|2024-08-17 12:10:02.328438
1005|dark|2|2024-08-17 12:10:02.328438
1006|fairy|1|2024-08-17 12:10:02.328438
1006|fighting|2|2024-08-17 12:10:02.328438
1007|fighting|1|2024-08-17 12:10:02.328438
1007|dragon|2|2024-08-17 12:10:02.328438
1008|electric|1|2024-08-17 12:10:02.328438
1008|dragon|2|2024-08-17 12:10:02.328438
1009|water|1|2024-08-17 12:10:02.328438
1009|dragon|2|2024-08-17 12:10:02.328438
1010|grass|1|2024-08-17 12:10:02.328438
1010|psychic|2|2024-08-17 12:10:02.328438
1011|grass|1|2024-08-17 12:10:02.328438
1011|dragon|2|2024-08-17 12:10:02.328438
1012|grass|1|2024-08-17 12:10:02.328438
1012|ghost|2|2024-08-17 12:10:02.328438
1013|grass|1|2024-08-17 12:10:02.328438
1013|ghost|2|2024-08-17 12:10:02.328438
1014|poison|1|2024-08-17 12:10:02.328438
1014|fighting|2|2024-08-17 12:10:02.328438
1015|poison|1|2024-08-17 12:10:02.328438
1015|psychic|2|2024-08-17 12:10:02.328438
1016|poison|1|2024-08-17 12:10:02.328438
1016|fairy|2|2024-08-17 12:10:02.328438
1017|grass|1|2024-08-17 12:10:02.328438
1018|steel|1|2024-08-17 12:10:02.328438
1018|dragon|2|2024-08-17 12:10:02.328438
1019|grass|1|2024-08-17 12:10:02.328438
1019|dragon|2|2024-08-17 12:10:02.328438
1020|fire|1|2024-08-17 12:10:02.328438
1020|dragon|2|2024-08-17 12:10:02.328438
1021|electric|1|2024-08-17 12:10:02.328438
1021|dragon|2|2024-08-17 12:10:02.328438
1022|rock|1|2024-08-17 12:10:02.328438
1022|psychic|2|2024-08-17 12:10:02.328438
1023|steel|1|2024-08-17 12:10:02.328438
1023|psychic|2|2024-08-17 12:10:02.328438
1024|normal|1|2024-08-17 12:10:02.328438
1025|poison|1|2024-08-17 12:10:02.328438
1025|ghost|2|2024-08-17 12:10:02.328438
10001|psychic|1|2024-08-17 12:10:02.328438
10002|psychic|1|2024-08-17 12:10:02.328438
10003|psychic|1|2024-08-17 12:10:02.328438
10004|bug|1|2024-08-17 12:10:02.328438
10004|ground|2|2024-08-17 12:10:02.328438
10005|bug|1|2024-08-17 12:10:02.328438
10005|steel|2|2024-08-17 12:10:02.328438
10006|grass|1|2024-08-17 12:10:02.328438
10006|flying|2|2024-08-17 12:10:02.328438
10007|ghost|1|2024-08-17 12:10:02.328438
10007|dragon|2|2024-08-17 12:10:02.328438
10008|electric|1|2024-08-17 12:10:02.328438
10008|fire|2|2024-08-17 12:10:02.328438
10009|electric|1|2024-08-17 12:10:02.328438
10009|water|2|2024-08-17 12:10:02.328438
10010|electric|1|2024-08-17 12:10:02.328438
10010|ice|2|2024-08-17 12:10:02.328438
10011|electric|1|2024-08-17 12:10:02.328438
10011|flying|2|2024-08-17 12:10:02.328438
10012|electric|1|2024-08-17 12:10:02.328438
10012|grass|2|2024-08-17 12:10:02.328438
10013|fire|1|2024-08-17 12:10:02.328438
10014|water|1|2024-08-17 12:10:02.328438
10015|ice|1|2024-08-17 12:10:02.328438
10016|water|1|2024-08-17 12:10:02.328438
10017|fire|1|2024-08-17 12:10:02.328438
10017|psychic|2|2024-08-17 12:10:02.328438
10018|normal|1|2024-08-17 12:10:02.328438
10018|fighting|2|2024-08-17 12:10:02.328438
10019|flying|1|2024-08-17 12:10:02.328438
10020|electric|1|2024-08-17 12:10:02.328438
10020|flying|2|2024-08-17 12:10:02.328438
10021|ground|1|2024-08-17 12:10:02.328438
10021|flying|2|2024-08-17 12:10:02.328438
10022|dragon|1|2024-08-17 12:10:02.328438
10022|ice|2|2024-08-17 12:10:02.328438
10023|dragon|1|2024-08-17 12:10:02.328438
10023|ice|2|2024-08-17 12:10:02.328438
10024|water|1|2024-08-17 12:10:02.328438
10024|fighting|2|2024-08-17 12:10:02.328438
10025|psychic|1|2024-08-17 12:10:02.328438
10026|steel|1|2024-08-17 12:10:02.328438
10026|ghost|2|2024-08-17 12:10:02.328438
10027|ghost|1|2024-08-17 12:10:02.328438
10027|grass|2|2024-08-17 12:10:02.328438
10028|ghost|1|2024-08-17 12:10:02.328438
10028|grass|2|2024-08-17 12:10:02.328438
10029|ghost|1|2024-08-17 12:10:02.328438
10029|grass|2|2024-08-17 12:10:02.328438
10030|ghost|1|2024-08-17 12:10:02.328438
10030|grass|2|2024-08-17 12:10:02.328438
10031|ghost|1|2024-08-17 12:10:02.328438
10031|grass|2|2024-08-17 12:10:02.328438
10032|ghost|1|2024-08-17 12:10:02.328438
10032|grass|2|2024-08-17 12:10:02.328438
10033|grass|1|2024-08-17 12:10:02.328438
10033|poison|2|2024-08-17 12:10:02.328438
10034|fire|1|2024-08-17 12:10:02.328438
10034|dragon|2|2024-08-17 12:10:02.328438
10035|fire|1|2024-08-17 12:10:02.328438
10035|flying|2|2024-08-17 12:10:02.328438
10036|water|1|2024-08-17 12:10:02.328438
10037|psychic|1|2024-08-17 12:10:02.328438
10038|ghost|1|2024-08-17 12:10:02.328438
10038|poison|2|2024-08-17 12:10:02.328438
10039|normal|1|2024-08-17 12:10:02.328438
10040|bug|1|2024-08-17 12:10:02.328438
10040|flying|2|2024-08-17 12:10:02.328438
10041|water|1|2024-08-17 12:10:02.328438
10041|dark|2|2024-08-17 12:10:02.328438
10042|rock|1|2024-08-17 12:10:02.328438
10042|flying|2|2024-08-17 12:10:02.328438
10043|psychic|1|2024-08-17 12:10:02.328438
10043|fighting|2|2024-08-17 12:10:02.328438
10044|psychic|1|2024-08-17 12:10:02.328438
10045|electric|1|2024-08-17 12:10:02.328438
10045|dragon|2|2024-08-17 12:10:02.328438
10046|bug|1|2024-08-17 12:10:02.328438
10046|steel|2|2024-08-17 12:10:02.328438
10047|bug|1|2024-08-17 12:10:02.328438
10047|fighting|2|2024-08-17 12:10:02.328438
10048|dark|1|2024-08-17 12:10:02.328438
10048|fire|2|2024-08-17 12:10:02.328438
10049|rock|1|2024-08-17 12:10:02.328438
10049|dark|2|2024-08-17 12:10:02.328438
10050|fire|1|2024-08-17 12:10:02.328438
10050|fighting|2|2024-08-17 12:10:02.328438
10051|psychic|1|2024-08-17 12:10:02.328438
10051|fairy|2|2024-08-17 12:10:02.328438
10052|steel|1|2024-08-17 12:10:02.328438
10052|fairy|2|2024-08-17 12:10:02.328438
10053|steel|1|2024-08-17 12:10:02.328438
10054|fighting|1|2024-08-17 12:10:02.328438
10054|psychic|2|2024-08-17 12:10:02.328438
10055|electric|1|2024-08-17 12:10:02.328438
10056|ghost|1|2024-08-17 12:10:02.328438
10057|dark|1|2024-08-17 12:10:02.328438
10058|dragon|1|2024-08-17 12:10:02.328438
10058|ground|2|2024-08-17 12:10:02.328438
10059|fighting|1|2024-08-17 12:10:02.328438
10059|steel|2|2024-08-17 12:10:02.328438
10060|grass|1|2024-08-17 12:10:02.328438
10060|ice|2|2024-08-17 12:10:02.328438
10061|fairy|1|2024-08-17 12:10:02.328438
10062|dragon|1|2024-08-17 12:10:02.328438
10062|psychic|2|2024-08-17 12:10:02.328438
10063|dragon|1|2024-08-17 12:10:02.328438
10063|psychic|2|2024-08-17 12:10:02.328438
10064|water|1|2024-08-17 12:10:02.328438
10064|ground|2|2024-08-17 12:10:02.328438
10065|grass|1|2024-08-17 12:10:02.328438
10065|dragon|2|2024-08-17 12:10:02.328438
10066|dark|1|2024-08-17 12:10:02.328438
10066|ghost|2|2024-08-17 12:10:02.328438
10067|dragon|1|2024-08-17 12:10:02.328438
10067|fairy|2|2024-08-17 12:10:02.328438
10068|psychic|1|2024-08-17 12:10:02.328438
10068|fighting|2|2024-08-17 12:10:02.328438
10069|normal|1|2024-08-17 12:10:02.328438
10069|fairy|2|2024-08-17 12:10:02.328438
10070|water|1|2024-08-17 12:10:02.328438
10070|dark|2|2024-08-17 12:10:02.328438
10071|water|1|2024-08-17 12:10:02.328438
10071|psychic|2|2024-08-17 12:10:02.328438
10072|steel|1|2024-08-17 12:10:02.328438
10072|ground|2|2024-08-17 12:10:02.328438
10073|normal|1|2024-08-17 12:10:02.328438
10073|flying|2|2024-08-17 12:10:02.328438
10074|ice|1|2024-08-17 12:10:02.328438
10075|rock|1|2024-08-17 12:10:02.328438
10075|fairy|2|2024-08-17 12:10:02.328438
10076|steel|1|2024-08-17 12:10:02.328438
10076|psychic|2|2024-08-17 12:10:02.328438
10077|water|1|2024-08-17 12:10:02.328438
10078|ground|1|2024-08-17 12:10:02.328438
10078|fire|2|2024-08-17 12:10:02.328438
10079|dragon|1|2024-08-17 12:10:02.328438
10079|flying|2|2024-08-17 12:10:02.328438
10080|electric|1|2024-08-17 12:10:02.328438
10081|electric|1|2024-08-17 12:10:02.328438
10082|electric|1|2024-08-17 12:10:02.328438
10083|electric|1|2024-08-17 12:10:02.328438
10084|electric|1|2024-08-17 12:10:02.328438
10085|electric|1|2024-08-17 12:10:02.328438
10086|psychic|1|2024-08-17 12:10:02.328438
10086|dark|2|2024-08-17 12:10:02.328438
10087|fire|1|2024-08-17 12:10:02.328438
10087|ground|2|2024-08-17 12:10:02.328438
10088|normal|1|2024-08-17 12:10:02.328438
10088|fighting|2|2024-08-17 12:10:02.328438
10089|dragon|1|2024-08-17 12:10:02.328438
10089|flying|2|2024-08-17 12:10:02.328438
10090|bug|1|2024-08-17 12:10:02.328438
10090|poison|2|2024-08-17 12:10:02.328438
10091|dark|1|2024-08-17 12:10:02.328438
10091|normal|2|2024-08-17 12:10:02.328438
10092|dark|1|2024-08-17 12:10:02.328438
10092|normal|2|2024-08-17 12:10:02.328438
10093|dark|1|2024-08-17 12:10:02.328438
10093|normal|2|2024-08-17 12:10:02.328438
10094|electric|1|2024-08-17 12:10:02.328438
10095|electric|1|2024-08-17 12:10:02.328438
10096|electric|1|2024-08-17 12:10:02.328438
10097|electric|1|2024-08-17 12:10:02.328438
10098|electric|1|2024-08-17 12:10:02.328438
10099|electric|1|2024-08-17 12:10:02.328438
10100|electric|1|2024-08-17 12:10:02.328438
10100|psychic|2|2024-08-17 12:10:02.328438
10101|ice|1|2024-08-17 12:10:02.328438
10101|steel|2|2024-08-17 12:10:02.328438
10102|ice|1|2024-08-17 12:10:02.328438
10102|steel|2|2024-08-17 12:10:02.328438
10103|ice|1|2024-08-17 12:10:02.328438
10104|ice|1|2024-08-17 12:10:02.328438
10104|fairy|2|2024-08-17 12:10:02.328438
10105|ground|1|2024-08-17 12:10:02.328438
10105|steel|2|2024-08-17 12:10:02.328438
10106|ground|1|2024-08-17 12:10:02.328438
10106|steel|2|2024-08-17 12:10:02.328438
10107|dark|1|2024-08-17 12:10:02.328438
10108|dark|1|2024-08-17 12:10:02.328438
10109|rock|1|2024-08-17 12:10:02.328438
10109|electric|2|2024-08-17 12:10:02.328438
10110|rock|1|2024-08-17 12:10:02.328438
10110|electric|2|2024-08-17 12:10:02.328438
10111|rock|1|2024-08-17 12:10:02.328438
10111|electric|2|2024-08-17 12:10:02.328438
10112|poison|1|2024-08-17 12:10:02.328438
10112|dark|2|2024-08-17 12:10:02.328438
10113|poison|1|2024-08-17 12:10:02.328438
10113|dark|2|2024-08-17 12:10:02.328438
10114|grass|1|2024-08-17 12:10:02.328438
10114|dragon|2|2024-08-17 12:10:02.328438
10115|fire|1|2024-08-17 12:10:02.328438
10115|ghost|2|2024-08-17 12:10:02.328438
10116|water|1|2024-08-17 12:10:02.328438
10116|dark|2|2024-08-17 12:10:02.328438
10117|water|1|2024-08-17 12:10:02.328438
10117|dark|2|2024-08-17 12:10:02.328438
10118|dragon|1|2024-08-17 12:10:02.328438
10118|ground|2|2024-08-17 12:10:02.328438
10119|dragon|1|2024-08-17 12:10:02.328438
10119|ground|2|2024-08-17 12:10:02.328438
10120|dragon|1|2024-08-17 12:10:02.328438
10120|ground|2|2024-08-17 12:10:02.328438
10121|normal|1|2024-08-17 12:10:02.328438
10122|bug|1|2024-08-17 12:10:02.328438
10122|electric|2|2024-08-17 12:10:02.328438
10123|electric|1|2024-08-17 12:10:02.328438
10123|flying|2|2024-08-17 12:10:02.328438
10124|psychic|1|2024-08-17 12:10:02.328438
10124|flying|2|2024-08-17 12:10:02.328438
10125|ghost|1|2024-08-17 12:10:02.328438
10125|flying|2|2024-08-17 12:10:02.328438
10126|rock|1|2024-08-17 12:10:02.328438
10127|water|1|2024-08-17 12:10:02.328438
10128|grass|1|2024-08-17 12:10:02.328438
10129|poison|1|2024-08-17 12:10:02.328438
10129|fire|2|2024-08-17 12:10:02.328438
10130|rock|1|2024-08-17 12:10:02.328438
10130|flying|2|2024-08-17 12:10:02.328438
10131|rock|1|2024-08-17 12:10:02.328438
10131|flying|2|2024-08-17 12:10:02.328438
10132|rock|1|2024-08-17 12:10:02.328438
10132|flying|2|2024-08-17 12:10:02.328438
10133|rock|1|2024-08-17 12:10:02.328438
10133|flying|2|2024-08-17 12:10:02.328438
10134|rock|1|2024-08-17 12:10:02.328438
10134|flying|2|2024-08-17 12:10:02.328438
10135|rock|1|2024-08-17 12:10:02.328438
10135|flying|2|2024-08-17 12:10:02.328438
10136|rock|1|2024-08-17 12:10:02.328438
10136|flying|2|2024-08-17 12:10:02.328438
10137|rock|1|2024-08-17 12:10:02.328438
10137|flying|2|2024-08-17 12:10:02.328438
10138|rock|1|2024-08-17 12:10:02.328438
10138|flying|2|2024-08-17 12:10:02.328438
10139|rock|1|2024-08-17 12:10:02.328438
10139|flying|2|2024-08-17 12:10:02.328438
10140|rock|1|2024-08-17 12:10:02.328438
10140|flying|2|2024-08-17 12:10:02.328438
10141|rock|1|2024-08-17 12:10:02.328438
10141|flying|2|2024-08-17 12:10:02.328438
10142|rock|1|2024-08-17 12:10:02.328438
10142|flying|2|2024-08-17 12:10:02.328438
10143|ghost|1|2024-08-17 12:10:02.328438
10143|fairy|2|2024-08-17 12:10:02.328438
10144|ghost|1|2024-08-17 12:10:02.328438
10144|fairy|2|2024-08-17 12:10:02.328438
10145|ghost|1|2024-08-17 12:10:02.328438
10145|fairy|2|2024-08-17 12:10:02.328438
10146|dragon|1|2024-08-17 12:10:02.328438
10146|fighting|2|2024-08-17 12:10:02.328438
10147|steel|1|2024-08-17 12:10:02.328438
10147|fairy|2|2024-08-17 12:10:02.328438
10148|electric|1|2024-08-17 12:10:02.328438
10149|fire|1|2024-08-17 12:10:02.328438
10149|ghost|2|2024-08-17 12:10:02.328438
10150|bug|1|2024-08-17 12:10:02.328438
10150|fairy|2|2024-08-17 12:10:02.328438
10151|rock|1|2024-08-17 12:10:02.328438
10152|rock|1|2024-08-17 12:10:02.328438
10153|water|1|2024-08-17 12:10:02.328438
10153|bug|2|2024-08-17 12:10:02.328438
10154|electric|1|2024-08-17 12:10:02.328438
10154|steel|2|2024-08-17 12:10:02.328438
10155|psychic|1|2024-08-17 12:10:02.328438
10155|steel|2|2024-08-17 12:10:02.328438
10156|psychic|1|2024-08-17 12:10:02.328438
10156|ghost|2|2024-08-17 12:10:02.328438
10157|psychic|1|2024-08-17 12:10:02.328438
10157|dragon|2|2024-08-17 12:10:02.328438
10158|electric|1|2024-08-17 12:10:02.328438
10159|normal|1|2024-08-17 12:10:02.328438
10160|electric|1|2024-08-17 12:10:02.328438
10161|steel|1|2024-08-17 12:10:02.328438
10162|psychic|1|2024-08-17 12:10:02.328438
10163|psychic|1|2024-08-17 12:10:02.328438
10163|fairy|2|2024-08-17 12:10:02.328438
10164|psychic|1|2024-08-17 12:10:02.328438
10165|poison|1|2024-08-17 12:10:02.328438
10165|psychic|2|2024-08-17 12:10:02.328438
10166|fighting|1|2024-08-17 12:10:02.328438
10167|poison|1|2024-08-17 12:10:02.328438
10167|fairy|2|2024-08-17 12:10:02.328438
10168|ice|1|2024-08-17 12:10:02.328438
10168|psychic|2|2024-08-17 12:10:02.328438
10169|psychic|1|2024-08-17 12:10:02.328438
10169|flying|2|2024-08-17 12:10:02.328438
10170|fighting|1|2024-08-17 12:10:02.328438
10170|flying|2|2024-08-17 12:10:02.328438
10171|dark|1|2024-08-17 12:10:02.328438
10171|flying|2|2024-08-17 12:10:02.328438
10172|poison|1|2024-08-17 12:10:02.328438
10172|psychic|2|2024-08-17 12:10:02.328438
10173|ghost|1|2024-08-17 12:10:02.328438
10174|dark|1|2024-08-17 12:10:02.328438
10174|normal|2|2024-08-17 12:10:02.328438
10175|dark|1|2024-08-17 12:10:02.328438
10175|normal|2|2024-08-17 12:10:02.328438
10176|ice|1|2024-08-17 12:10:02.328438
10177|ice|1|2024-08-17 12:10:02.328438
10178|ice|1|2024-08-17 12:10:02.328438
10178|fire|2|2024-08-17 12:10:02.328438
10179|ground|1|2024-08-17 12:10:02.328438
10179|ghost|2|2024-08-17 12:10:02.328438
10180|ground|1|2024-08-17 12:10:02.328438
10180|steel|2|2024-08-17 12:10:02.328438
10181|dragon|1|2024-08-17 12:10:02.328438
10181|ground|2|2024-08-17 12:10:02.328438
10182|flying|1|2024-08-17 12:10:02.328438
10182|water|2|2024-08-17 12:10:02.328438
10183|flying|1|2024-08-17 12:10:02.328438
10183|water|2|2024-08-17 12:10:02.328438
10184|electric|1|2024-08-17 12:10:02.328438
10184|poison|2|2024-08-17 12:10:02.328438
10185|ice|1|2024-08-17 12:10:02.328438
10186|psychic|1|2024-08-17 12:10:02.328438
10186|normal|2|2024-08-17 12:10:02.328438
10187|electric|1|2024-08-17 12:10:02.328438
10187|dark|2|2024-08-17 12:10:02.328438
10188|fairy|1|2024-08-17 12:10:02.328438
10188|steel|2|2024-08-17 12:10:02.328438
10189|fighting|1|2024-08-17 12:10:02.328438
10189|steel|2|2024-08-17 12:10:02.328438
10190|poison|1|2024-08-17 12:10:02.328438
10190|dragon|2|2024-08-17 12:10:02.328438
10191|fighting|1|2024-08-17 12:10:02.328438
10191|water|2|2024-08-17 12:10:02.328438
10192|dark|1|2024-08-17 12:10:02.328438
10192|grass|2|2024-08-17 12:10:02.328438
10193|psychic|1|2024-08-17 12:10:02.328438
10193|ice|2|2024-08-17 12:10:02.328438
10194|psychic|1|2024-08-17 12:10:02.328438
10194|ghost|2|2024-08-17 12:10:02.328438
10195|grass|1|2024-08-17 12:10:02.328438
10195|poison|2|2024-08-17 12:10:02.328438
10196|fire|1|2024-08-17 12:10:02.328438
10196|flying|2|2024-08-17 12:10:02.328438
10197|water|1|2024-08-17 12:10:02.328438
10198|bug|1|2024-08-17 12:10:02.328438
10198|flying|2|2024-08-17 12:10:02.328438
10199|electric|1|2024-08-17 12:10:02.328438
10200|normal|1|2024-08-17 12:10:02.328438
10201|fighting|1|2024-08-17 12:10:02.328438
10202|ghost|1|2024-08-17 12:10:02.328438
10202|poison|2|2024-08-17 12:10:02.328438
10203|water|1|2024-08-17 12:10:02.328438
10204|water|1|2024-08-17 12:10:02.328438
10204|ice|2|2024-08-17 12:10:02.328438
10205|normal|1|2024-08-17 12:10:02.328438
10206|normal|1|2024-08-17 12:10:02.328438
10207|poison|1|2024-08-17 12:10:02.328438
10208|steel|1|2024-08-17 12:10:02.328438
10209|grass|1|2024-08-17 12:10:02.328438
10210|fire|1|2024-08-17 12:10:02.328438
10211|water|1|2024-08-17 12:10:02.328438
10212|flying|1|2024-08-17 12:10:02.328438
10212|steel|2|2024-08-17 12:10:02.328438
10213|bug|1|2024-08-17 12:10:02.328438
10213|psychic|2|2024-08-17 12:10:02.328438
10214|water|1|2024-08-17 12:10:02.328438
10214|rock|2|2024-08-17 12:10:02.328438
10215|rock|1|2024-08-17 12:10:02.328438
10215|fire|2|2024-08-17 12:10:02.328438
10216|grass|1|2024-08-17 12:10:02.328438
10216|dragon|2|2024-08-17 12:10:02.328438
10217|grass|1|2024-08-17 12:10:02.328438
10217|dragon|2|2024-08-17 12:10:02.328438
10218|ground|1|2024-08-17 12:10:02.328438
10219|electric|1|2024-08-17 12:10:02.328438
10219|poison|2|2024-08-17 12:10:02.328438
10220|fire|1|2024-08-17 12:10:02.328438
10220|bug|2|2024-08-17 12:10:02.328438
10221|psychic|1|2024-08-17 12:10:02.328438
10221|fairy|2|2024-08-17 12:10:02.328438
10222|dark|1|2024-08-17 12:10:02.328438
10222|fairy|2|2024-08-17 12:10:02.328438
10223|fairy|1|2024-08-17 12:10:02.328438
10224|steel|1|2024-08-17 12:10:02.328438
10225|steel|1|2024-08-17 12:10:02.328438
10225|dragon|2|2024-08-17 12:10:02.328438
10226|fighting|1|2024-08-17 12:10:02.328438
10226|dark|2|2024-08-17 12:10:02.328438
10227|fighting|1|2024-08-17 12:10:02.328438
10227|water|2|2024-08-17 12:10:02.328438
10228|electric|1|2024-08-17 12:10:02.328438
10228|poison|2|2024-08-17 12:10:02.328438
10229|fire|1|2024-08-17 12:10:02.328438
10229|rock|2|2024-08-17 12:10:02.328438
10230|fire|1|2024-08-17 12:10:02.328438
10230|rock|2|2024-08-17 12:10:02.328438
10231|electric|1|2024-08-17 12:10:02.328438
10231|grass|2|2024-08-17 12:10:02.328438
10232|electric|1|2024-08-17 12:10:02.328438
10232|grass|2|2024-08-17 12:10:02.328438
10233|fire|1|2024-08-17 12:10:02.328438
10233|ghost|2|2024-08-17 12:10:02.328438
10234|dark|1|2024-08-17 12:10:02.328438
10234|poison|2|2024-08-17 12:10:02.328438
10235|fighting|1|2024-08-17 12:10:02.328438
10235|poison|2|2024-08-17 12:10:02.328438
10236|water|1|2024-08-17 12:10:02.328438
10236|dark|2|2024-08-17 12:10:02.328438
10237|grass|1|2024-08-17 12:10:02.328438
10237|fighting|2|2024-08-17 12:10:02.328438
10238|normal|1|2024-08-17 12:10:02.328438
10238|ghost|2|2024-08-17 12:10:02.328438
10239|normal|1|2024-08-17 12:10:02.328438
10239|ghost|2|2024-08-17 12:10:02.328438
10240|psychic|1|2024-08-17 12:10:02.328438
10240|flying|2|2024-08-17 12:10:02.328438
10241|steel|1|2024-08-17 12:10:02.328438
10241|dragon|2|2024-08-17 12:10:02.328438
10242|steel|1|2024-08-17 12:10:02.328438
10242|dragon|2|2024-08-17 12:10:02.328438
10243|ice|1|2024-08-17 12:10:02.328438
10243|rock|2|2024-08-17 12:10:02.328438
10244|grass|1|2024-08-17 12:10:02.328438
10244|fighting|2|2024-08-17 12:10:02.328438
10245|steel|1|2024-08-17 12:10:02.328438
10245|dragon|2|2024-08-17 12:10:02.328438
10246|water|1|2024-08-17 12:10:02.328438
10246|dragon|2|2024-08-17 12:10:02.328438
10247|water|1|2024-08-17 12:10:02.328438
10248|water|1|2024-08-17 12:10:02.328438
10248|ghost|2|2024-08-17 12:10:02.328438
10249|fairy|1|2024-08-17 12:10:02.328438
10249|flying|2|2024-08-17 12:10:02.328438
10250|fighting|1|2024-08-17 12:10:02.328438
10251|fighting|1|2024-08-17 12:10:02.328438
10251|fire|2|2024-08-17 12:10:02.328438
10252|fighting|1|2024-08-17 12:10:02.328438
10252|water|2|2024-08-17 12:10:02.328438
10253|poison|1|2024-08-17 12:10:02.328438
10253|ground|2|2024-08-17 12:10:02.328438
10254|normal|1|2024-08-17 12:10:02.328438
10255|normal|1|2024-08-17 12:10:02.328438
10256|water|1|2024-08-17 12:10:02.328438
10257|normal|1|2024-08-17 12:10:02.328438
10258|dragon|1|2024-08-17 12:10:02.328438
10258|water|2|2024-08-17 12:10:02.328438
10259|dragon|1|2024-08-17 12:10:02.328438
10259|water|2|2024-08-17 12:10:02.328438
10260|normal|1|2024-08-17 12:10:02.328438
10260|flying|2|2024-08-17 12:10:02.328438
10261|normal|1|2024-08-17 12:10:02.328438
10261|flying|2|2024-08-17 12:10:02.328438
10262|normal|1|2024-08-17 12:10:02.328438
10262|flying|2|2024-08-17 12:10:02.328438
10263|ghost|1|2024-08-17 12:10:02.328438
10264|fighting|1|2024-08-17 12:10:02.328438
10264|dragon|2|2024-08-17 12:10:02.328438
10265|fighting|1|2024-08-17 12:10:02.328438
10265|dragon|2|2024-08-17 12:10:02.328438
10266|fighting|1|2024-08-17 12:10:02.328438
10266|dragon|2|2024-08-17 12:10:02.328438
10267|fighting|1|2024-08-17 12:10:02.328438
10267|dragon|2|2024-08-17 12:10:02.328438
10268|electric|1|2024-08-17 12:10:02.328438
10268|dragon|2|2024-08-17 12:10:02.328438
10269|electric|1|2024-08-17 12:10:02.328438
10269|dragon|2|2024-08-17 12:10:02.328438
10270|electric|1|2024-08-17 12:10:02.328438
10270|dragon|2|2024-08-17 12:10:02.328438
10271|electric|1|2024-08-17 12:10:02.328438
10271|dragon|2|2024-08-17 12:10:02.328438
10272|ground|1|2024-08-17 12:10:02.328438
10272|normal|2|2024-08-17 12:10:02.328438
10273|grass|1|2024-08-17 12:10:02.328438
10273|water|2|2024-08-17 12:10:02.328438
10274|grass|1|2024-08-17 12:10:02.328438
10274|fire|2|2024-08-17 12:10:02.328438
10275|grass|1|2024-08-17 12:10:02.328438
10275|rock|2|2024-08-17 12:10:02.328438
10276|normal|1|2024-08-17 12:10:02.328438
10277|normal|1|2024-08-17 12:10:02.328438
