pkmn_id|name|type_number|cargar_datetime
1|grass|1|2024-08-04 13:58:21.647308
1|poison|2|2024-08-04 13:58:21.647308
2|grass|1|2024-08-04 13:58:21.647308
2|poison|2|2024-08-04 13:58:21.647308
3|grass|1|2024-08-04 13:58:21.647308
3|poison|2|2024-08-04 13:58:21.647308
4|fire|1|2024-08-04 13:58:21.647308
5|fire|1|2024-08-04 13:58:21.647308
6|fire|1|2024-08-04 13:58:21.647308
6|flying|2|2024-08-04 13:58:21.647308
7|water|1|2024-08-04 13:58:21.647308
8|water|1|2024-08-04 13:58:21.647308
9|water|1|2024-08-04 13:58:21.647308
10|bug|1|2024-08-04 13:58:21.647308
11|bug|1|2024-08-04 13:58:21.647308
12|bug|1|2024-08-04 13:58:21.647308
12|flying|2|2024-08-04 13:58:21.647308
13|bug|1|2024-08-04 13:58:21.647308
13|poison|2|2024-08-04 13:58:21.647308
14|bug|1|2024-08-04 13:58:21.647308
14|poison|2|2024-08-04 13:58:21.647308
15|bug|1|2024-08-04 13:58:21.647308
15|poison|2|2024-08-04 13:58:21.647308
16|normal|1|2024-08-04 13:58:21.647308
16|flying|2|2024-08-04 13:58:21.647308
17|normal|1|2024-08-04 13:58:21.647308
17|flying|2|2024-08-04 13:58:21.647308
18|normal|1|2024-08-04 13:58:21.647308
18|flying|2|2024-08-04 13:58:21.647308
19|normal|1|2024-08-04 13:58:21.647308
20|normal|1|2024-08-04 13:58:21.647308
21|normal|1|2024-08-04 13:58:21.647308
21|flying|2|2024-08-04 13:58:21.647308
22|normal|1|2024-08-04 13:58:21.647308
22|flying|2|2024-08-04 13:58:21.647308
23|poison|1|2024-08-04 13:58:21.647308
24|poison|1|2024-08-04 13:58:21.647308
25|electric|1|2024-08-04 13:58:21.647308
26|electric|1|2024-08-04 13:58:21.647308
27|ground|1|2024-08-04 13:58:21.647308
28|ground|1|2024-08-04 13:58:21.647308
29|poison|1|2024-08-04 13:58:21.647308
30|poison|1|2024-08-04 13:58:21.647308
31|poison|1|2024-08-04 13:58:21.647308
31|ground|2|2024-08-04 13:58:21.647308
32|poison|1|2024-08-04 13:58:21.647308
33|poison|1|2024-08-04 13:58:21.647308
34|poison|1|2024-08-04 13:58:21.647308
34|ground|2|2024-08-04 13:58:21.647308
35|fairy|1|2024-08-04 13:58:21.647308
36|fairy|1|2024-08-04 13:58:21.647308
37|fire|1|2024-08-04 13:58:21.647308
38|fire|1|2024-08-04 13:58:21.647308
39|normal|1|2024-08-04 13:58:21.647308
39|fairy|2|2024-08-04 13:58:21.647308
40|normal|1|2024-08-04 13:58:21.647308
40|fairy|2|2024-08-04 13:58:21.647308
41|poison|1|2024-08-04 13:58:21.647308
41|flying|2|2024-08-04 13:58:21.647308
42|poison|1|2024-08-04 13:58:21.647308
42|flying|2|2024-08-04 13:58:21.647308
43|grass|1|2024-08-04 13:58:21.647308
43|poison|2|2024-08-04 13:58:21.647308
44|grass|1|2024-08-04 13:58:21.647308
44|poison|2|2024-08-04 13:58:21.647308
45|grass|1|2024-08-04 13:58:21.647308
45|poison|2|2024-08-04 13:58:21.647308
46|bug|1|2024-08-04 13:58:21.647308
46|grass|2|2024-08-04 13:58:21.647308
47|bug|1|2024-08-04 13:58:21.647308
47|grass|2|2024-08-04 13:58:21.647308
48|bug|1|2024-08-04 13:58:21.647308
48|poison|2|2024-08-04 13:58:21.647308
49|bug|1|2024-08-04 13:58:21.647308
49|poison|2|2024-08-04 13:58:21.647308
50|ground|1|2024-08-04 13:58:21.647308
51|ground|1|2024-08-04 13:58:21.647308
52|normal|1|2024-08-04 13:58:21.647308
53|normal|1|2024-08-04 13:58:21.647308
54|water|1|2024-08-04 13:58:21.647308
55|water|1|2024-08-04 13:58:21.647308
56|fighting|1|2024-08-04 13:58:21.647308
57|fighting|1|2024-08-04 13:58:21.647308
58|fire|1|2024-08-04 13:58:21.647308
59|fire|1|2024-08-04 13:58:21.647308
60|water|1|2024-08-04 13:58:21.647308
61|water|1|2024-08-04 13:58:21.647308
62|water|1|2024-08-04 13:58:21.647308
62|fighting|2|2024-08-04 13:58:21.647308
63|psychic|1|2024-08-04 13:58:21.647308
64|psychic|1|2024-08-04 13:58:21.647308
65|psychic|1|2024-08-04 13:58:21.647308
66|fighting|1|2024-08-04 13:58:21.647308
67|fighting|1|2024-08-04 13:58:21.647308
68|fighting|1|2024-08-04 13:58:21.647308
69|grass|1|2024-08-04 13:58:21.647308
69|poison|2|2024-08-04 13:58:21.647308
70|grass|1|2024-08-04 13:58:21.647308
70|poison|2|2024-08-04 13:58:21.647308
71|grass|1|2024-08-04 13:58:21.647308
71|poison|2|2024-08-04 13:58:21.647308
72|water|1|2024-08-04 13:58:21.647308
72|poison|2|2024-08-04 13:58:21.647308
73|water|1|2024-08-04 13:58:21.647308
73|poison|2|2024-08-04 13:58:21.647308
74|rock|1|2024-08-04 13:58:21.647308
74|ground|2|2024-08-04 13:58:21.647308
75|rock|1|2024-08-04 13:58:21.647308
75|ground|2|2024-08-04 13:58:21.647308
76|rock|1|2024-08-04 13:58:21.647308
76|ground|2|2024-08-04 13:58:21.647308
77|fire|1|2024-08-04 13:58:21.647308
78|fire|1|2024-08-04 13:58:21.647308
79|water|1|2024-08-04 13:58:21.647308
79|psychic|2|2024-08-04 13:58:21.647308
80|water|1|2024-08-04 13:58:21.647308
80|psychic|2|2024-08-04 13:58:21.647308
81|electric|1|2024-08-04 13:58:21.647308
81|steel|2|2024-08-04 13:58:21.647308
82|electric|1|2024-08-04 13:58:21.647308
82|steel|2|2024-08-04 13:58:21.647308
83|normal|1|2024-08-04 13:58:21.647308
83|flying|2|2024-08-04 13:58:21.647308
84|normal|1|2024-08-04 13:58:21.647308
84|flying|2|2024-08-04 13:58:21.647308
85|normal|1|2024-08-04 13:58:21.647308
85|flying|2|2024-08-04 13:58:21.647308
86|water|1|2024-08-04 13:58:21.647308
87|water|1|2024-08-04 13:58:21.647308
87|ice|2|2024-08-04 13:58:21.647308
88|poison|1|2024-08-04 13:58:21.647308
89|poison|1|2024-08-04 13:58:21.647308
90|water|1|2024-08-04 13:58:21.647308
91|water|1|2024-08-04 13:58:21.647308
91|ice|2|2024-08-04 13:58:21.647308
92|ghost|1|2024-08-04 13:58:21.647308
92|poison|2|2024-08-04 13:58:21.647308
93|ghost|1|2024-08-04 13:58:21.647308
93|poison|2|2024-08-04 13:58:21.647308
94|ghost|1|2024-08-04 13:58:21.647308
94|poison|2|2024-08-04 13:58:21.647308
95|rock|1|2024-08-04 13:58:21.647308
95|ground|2|2024-08-04 13:58:21.647308
96|psychic|1|2024-08-04 13:58:21.647308
97|psychic|1|2024-08-04 13:58:21.647308
98|water|1|2024-08-04 13:58:21.647308
99|water|1|2024-08-04 13:58:21.647308
100|electric|1|2024-08-04 13:58:21.647308
101|electric|1|2024-08-04 13:58:21.647308
102|grass|1|2024-08-04 13:58:21.647308
102|psychic|2|2024-08-04 13:58:21.647308
103|grass|1|2024-08-04 13:58:21.647308
103|psychic|2|2024-08-04 13:58:21.647308
104|ground|1|2024-08-04 13:58:21.647308
105|ground|1|2024-08-04 13:58:21.647308
106|fighting|1|2024-08-04 13:58:21.647308
107|fighting|1|2024-08-04 13:58:21.647308
108|normal|1|2024-08-04 13:58:21.647308
109|poison|1|2024-08-04 13:58:21.647308
110|poison|1|2024-08-04 13:58:21.647308
111|ground|1|2024-08-04 13:58:21.647308
111|rock|2|2024-08-04 13:58:21.647308
112|ground|1|2024-08-04 13:58:21.647308
112|rock|2|2024-08-04 13:58:21.647308
113|normal|1|2024-08-04 13:58:21.647308
114|grass|1|2024-08-04 13:58:21.647308
115|normal|1|2024-08-04 13:58:21.647308
116|water|1|2024-08-04 13:58:21.647308
117|water|1|2024-08-04 13:58:21.647308
118|water|1|2024-08-04 13:58:21.647308
119|water|1|2024-08-04 13:58:21.647308
120|water|1|2024-08-04 13:58:21.647308
121|water|1|2024-08-04 13:58:21.647308
121|psychic|2|2024-08-04 13:58:21.647308
122|psychic|1|2024-08-04 13:58:21.647308
122|fairy|2|2024-08-04 13:58:21.647308
123|bug|1|2024-08-04 13:58:21.647308
123|flying|2|2024-08-04 13:58:21.647308
124|ice|1|2024-08-04 13:58:21.647308
124|psychic|2|2024-08-04 13:58:21.647308
125|electric|1|2024-08-04 13:58:21.647308
126|fire|1|2024-08-04 13:58:21.647308
127|bug|1|2024-08-04 13:58:21.647308
128|normal|1|2024-08-04 13:58:21.647308
129|water|1|2024-08-04 13:58:21.647308
130|water|1|2024-08-04 13:58:21.647308
130|flying|2|2024-08-04 13:58:21.647308
131|water|1|2024-08-04 13:58:21.647308
131|ice|2|2024-08-04 13:58:21.647308
132|normal|1|2024-08-04 13:58:21.647308
133|normal|1|2024-08-04 13:58:21.647308
134|water|1|2024-08-04 13:58:21.647308
135|electric|1|2024-08-04 13:58:21.647308
136|fire|1|2024-08-04 13:58:21.647308
137|normal|1|2024-08-04 13:58:21.647308
138|rock|1|2024-08-04 13:58:21.647308
138|water|2|2024-08-04 13:58:21.647308
139|rock|1|2024-08-04 13:58:21.647308
139|water|2|2024-08-04 13:58:21.647308
140|rock|1|2024-08-04 13:58:21.647308
140|water|2|2024-08-04 13:58:21.647308
141|rock|1|2024-08-04 13:58:21.647308
141|water|2|2024-08-04 13:58:21.647308
142|rock|1|2024-08-04 13:58:21.647308
142|flying|2|2024-08-04 13:58:21.647308
143|normal|1|2024-08-04 13:58:21.647308
144|ice|1|2024-08-04 13:58:21.647308
144|flying|2|2024-08-04 13:58:21.647308
145|electric|1|2024-08-04 13:58:21.647308
145|flying|2|2024-08-04 13:58:21.647308
146|fire|1|2024-08-04 13:58:21.647308
146|flying|2|2024-08-04 13:58:21.647308
147|dragon|1|2024-08-04 13:58:21.647308
148|dragon|1|2024-08-04 13:58:21.647308
149|dragon|1|2024-08-04 13:58:21.647308
149|flying|2|2024-08-04 13:58:21.647308
150|psychic|1|2024-08-04 13:58:21.647308
151|psychic|1|2024-08-04 13:58:21.647308
152|grass|1|2024-08-04 13:58:21.647308
153|grass|1|2024-08-04 13:58:21.647308
154|grass|1|2024-08-04 13:58:21.647308
155|fire|1|2024-08-04 13:58:21.647308
156|fire|1|2024-08-04 13:58:21.647308
157|fire|1|2024-08-04 13:58:21.647308
158|water|1|2024-08-04 13:58:21.647308
159|water|1|2024-08-04 13:58:21.647308
160|water|1|2024-08-04 13:58:21.647308
161|normal|1|2024-08-04 13:58:21.647308
162|normal|1|2024-08-04 13:58:21.647308
163|normal|1|2024-08-04 13:58:21.647308
163|flying|2|2024-08-04 13:58:21.647308
164|normal|1|2024-08-04 13:58:21.647308
164|flying|2|2024-08-04 13:58:21.647308
165|bug|1|2024-08-04 13:58:21.647308
165|flying|2|2024-08-04 13:58:21.647308
166|bug|1|2024-08-04 13:58:21.647308
166|flying|2|2024-08-04 13:58:21.647308
167|bug|1|2024-08-04 13:58:21.647308
167|poison|2|2024-08-04 13:58:21.647308
168|bug|1|2024-08-04 13:58:21.647308
168|poison|2|2024-08-04 13:58:21.647308
169|poison|1|2024-08-04 13:58:21.647308
169|flying|2|2024-08-04 13:58:21.647308
170|water|1|2024-08-04 13:58:21.647308
170|electric|2|2024-08-04 13:58:21.647308
171|water|1|2024-08-04 13:58:21.647308
171|electric|2|2024-08-04 13:58:21.647308
172|electric|1|2024-08-04 13:58:21.647308
173|fairy|1|2024-08-04 13:58:21.647308
174|normal|1|2024-08-04 13:58:21.647308
174|fairy|2|2024-08-04 13:58:21.647308
175|fairy|1|2024-08-04 13:58:21.647308
176|fairy|1|2024-08-04 13:58:21.647308
176|flying|2|2024-08-04 13:58:21.647308
177|psychic|1|2024-08-04 13:58:21.647308
177|flying|2|2024-08-04 13:58:21.647308
178|psychic|1|2024-08-04 13:58:21.647308
178|flying|2|2024-08-04 13:58:21.647308
179|electric|1|2024-08-04 13:58:21.647308
180|electric|1|2024-08-04 13:58:21.647308
181|electric|1|2024-08-04 13:58:21.647308
182|grass|1|2024-08-04 13:58:21.647308
183|water|1|2024-08-04 13:58:21.647308
183|fairy|2|2024-08-04 13:58:21.647308
184|water|1|2024-08-04 13:58:21.647308
184|fairy|2|2024-08-04 13:58:21.647308
185|rock|1|2024-08-04 13:58:21.647308
186|water|1|2024-08-04 13:58:21.647308
187|grass|1|2024-08-04 13:58:21.647308
187|flying|2|2024-08-04 13:58:21.647308
188|grass|1|2024-08-04 13:58:21.647308
188|flying|2|2024-08-04 13:58:21.647308
189|grass|1|2024-08-04 13:58:21.647308
189|flying|2|2024-08-04 13:58:21.647308
190|normal|1|2024-08-04 13:58:21.647308
191|grass|1|2024-08-04 13:58:21.647308
192|grass|1|2024-08-04 13:58:21.647308
193|bug|1|2024-08-04 13:58:21.647308
193|flying|2|2024-08-04 13:58:21.647308
194|water|1|2024-08-04 13:58:21.647308
194|ground|2|2024-08-04 13:58:21.647308
195|water|1|2024-08-04 13:58:21.647308
195|ground|2|2024-08-04 13:58:21.647308
196|psychic|1|2024-08-04 13:58:21.647308
197|dark|1|2024-08-04 13:58:21.647308
198|dark|1|2024-08-04 13:58:21.647308
198|flying|2|2024-08-04 13:58:21.647308
199|water|1|2024-08-04 13:58:21.647308
199|psychic|2|2024-08-04 13:58:21.647308
200|ghost|1|2024-08-04 13:58:21.647308
201|psychic|1|2024-08-04 13:58:21.647308
202|psychic|1|2024-08-04 13:58:21.647308
203|normal|1|2024-08-04 13:58:21.647308
203|psychic|2|2024-08-04 13:58:21.647308
204|bug|1|2024-08-04 13:58:21.647308
205|bug|1|2024-08-04 13:58:21.647308
205|steel|2|2024-08-04 13:58:21.647308
206|normal|1|2024-08-04 13:58:21.647308
207|ground|1|2024-08-04 13:58:21.647308
207|flying|2|2024-08-04 13:58:21.647308
208|steel|1|2024-08-04 13:58:21.647308
208|ground|2|2024-08-04 13:58:21.647308
209|fairy|1|2024-08-04 13:58:21.647308
210|fairy|1|2024-08-04 13:58:21.647308
211|water|1|2024-08-04 13:58:21.647308
211|poison|2|2024-08-04 13:58:21.647308
212|bug|1|2024-08-04 13:58:21.647308
212|steel|2|2024-08-04 13:58:21.647308
213|bug|1|2024-08-04 13:58:21.647308
213|rock|2|2024-08-04 13:58:21.647308
214|bug|1|2024-08-04 13:58:21.647308
214|fighting|2|2024-08-04 13:58:21.647308
215|dark|1|2024-08-04 13:58:21.647308
215|ice|2|2024-08-04 13:58:21.647308
216|normal|1|2024-08-04 13:58:21.647308
217|normal|1|2024-08-04 13:58:21.647308
218|fire|1|2024-08-04 13:58:21.647308
219|fire|1|2024-08-04 13:58:21.647308
219|rock|2|2024-08-04 13:58:21.647308
220|ice|1|2024-08-04 13:58:21.647308
220|ground|2|2024-08-04 13:58:21.647308
221|ice|1|2024-08-04 13:58:21.647308
221|ground|2|2024-08-04 13:58:21.647308
222|water|1|2024-08-04 13:58:21.647308
222|rock|2|2024-08-04 13:58:21.647308
223|water|1|2024-08-04 13:58:21.647308
224|water|1|2024-08-04 13:58:21.647308
225|ice|1|2024-08-04 13:58:21.647308
225|flying|2|2024-08-04 13:58:21.647308
226|water|1|2024-08-04 13:58:21.647308
226|flying|2|2024-08-04 13:58:21.647308
227|steel|1|2024-08-04 13:58:21.647308
227|flying|2|2024-08-04 13:58:21.647308
228|dark|1|2024-08-04 13:58:21.647308
228|fire|2|2024-08-04 13:58:21.647308
229|dark|1|2024-08-04 13:58:21.647308
229|fire|2|2024-08-04 13:58:21.647308
230|water|1|2024-08-04 13:58:21.647308
230|dragon|2|2024-08-04 13:58:21.647308
231|ground|1|2024-08-04 13:58:21.647308
232|ground|1|2024-08-04 13:58:21.647308
233|normal|1|2024-08-04 13:58:21.647308
234|normal|1|2024-08-04 13:58:21.647308
235|normal|1|2024-08-04 13:58:21.647308
236|fighting|1|2024-08-04 13:58:21.647308
237|fighting|1|2024-08-04 13:58:21.647308
238|ice|1|2024-08-04 13:58:21.647308
238|psychic|2|2024-08-04 13:58:21.647308
239|electric|1|2024-08-04 13:58:21.647308
240|fire|1|2024-08-04 13:58:21.647308
241|normal|1|2024-08-04 13:58:21.647308
242|normal|1|2024-08-04 13:58:21.647308
243|electric|1|2024-08-04 13:58:21.647308
244|fire|1|2024-08-04 13:58:21.647308
245|water|1|2024-08-04 13:58:21.647308
246|rock|1|2024-08-04 13:58:21.647308
246|ground|2|2024-08-04 13:58:21.647308
247|rock|1|2024-08-04 13:58:21.647308
247|ground|2|2024-08-04 13:58:21.647308
248|rock|1|2024-08-04 13:58:21.647308
248|dark|2|2024-08-04 13:58:21.647308
249|psychic|1|2024-08-04 13:58:21.647308
249|flying|2|2024-08-04 13:58:21.647308
250|fire|1|2024-08-04 13:58:21.647308
250|flying|2|2024-08-04 13:58:21.647308
251|psychic|1|2024-08-04 13:58:21.647308
251|grass|2|2024-08-04 13:58:21.647308
252|grass|1|2024-08-04 13:58:21.647308
253|grass|1|2024-08-04 13:58:21.647308
254|grass|1|2024-08-04 13:58:21.647308
255|fire|1|2024-08-04 13:58:21.647308
256|fire|1|2024-08-04 13:58:21.647308
256|fighting|2|2024-08-04 13:58:21.647308
257|fire|1|2024-08-04 13:58:21.647308
257|fighting|2|2024-08-04 13:58:21.647308
258|water|1|2024-08-04 13:58:21.647308
259|water|1|2024-08-04 13:58:21.647308
259|ground|2|2024-08-04 13:58:21.647308
260|water|1|2024-08-04 13:58:21.647308
260|ground|2|2024-08-04 13:58:21.647308
261|dark|1|2024-08-04 13:58:21.647308
262|dark|1|2024-08-04 13:58:21.647308
263|normal|1|2024-08-04 13:58:21.647308
264|normal|1|2024-08-04 13:58:21.647308
265|bug|1|2024-08-04 13:58:21.647308
266|bug|1|2024-08-04 13:58:21.647308
267|bug|1|2024-08-04 13:58:21.647308
267|flying|2|2024-08-04 13:58:21.647308
268|bug|1|2024-08-04 13:58:21.647308
269|bug|1|2024-08-04 13:58:21.647308
269|poison|2|2024-08-04 13:58:21.647308
270|water|1|2024-08-04 13:58:21.647308
270|grass|2|2024-08-04 13:58:21.647308
271|water|1|2024-08-04 13:58:21.647308
271|grass|2|2024-08-04 13:58:21.647308
272|water|1|2024-08-04 13:58:21.647308
272|grass|2|2024-08-04 13:58:21.647308
273|grass|1|2024-08-04 13:58:21.647308
274|grass|1|2024-08-04 13:58:21.647308
274|dark|2|2024-08-04 13:58:21.647308
275|grass|1|2024-08-04 13:58:21.647308
275|dark|2|2024-08-04 13:58:21.647308
276|normal|1|2024-08-04 13:58:21.647308
276|flying|2|2024-08-04 13:58:21.647308
277|normal|1|2024-08-04 13:58:21.647308
277|flying|2|2024-08-04 13:58:21.647308
278|water|1|2024-08-04 13:58:21.647308
278|flying|2|2024-08-04 13:58:21.647308
279|water|1|2024-08-04 13:58:21.647308
279|flying|2|2024-08-04 13:58:21.647308
280|psychic|1|2024-08-04 13:58:21.647308
280|fairy|2|2024-08-04 13:58:21.647308
281|psychic|1|2024-08-04 13:58:21.647308
281|fairy|2|2024-08-04 13:58:21.647308
282|psychic|1|2024-08-04 13:58:21.647308
282|fairy|2|2024-08-04 13:58:21.647308
283|bug|1|2024-08-04 13:58:21.647308
283|water|2|2024-08-04 13:58:21.647308
284|bug|1|2024-08-04 13:58:21.647308
284|flying|2|2024-08-04 13:58:21.647308
285|grass|1|2024-08-04 13:58:21.647308
286|grass|1|2024-08-04 13:58:21.647308
286|fighting|2|2024-08-04 13:58:21.647308
287|normal|1|2024-08-04 13:58:21.647308
288|normal|1|2024-08-04 13:58:21.647308
289|normal|1|2024-08-04 13:58:21.647308
290|bug|1|2024-08-04 13:58:21.647308
290|ground|2|2024-08-04 13:58:21.647308
291|bug|1|2024-08-04 13:58:21.647308
291|flying|2|2024-08-04 13:58:21.647308
292|bug|1|2024-08-04 13:58:21.647308
292|ghost|2|2024-08-04 13:58:21.647308
293|normal|1|2024-08-04 13:58:21.647308
294|normal|1|2024-08-04 13:58:21.647308
295|normal|1|2024-08-04 13:58:21.647308
296|fighting|1|2024-08-04 13:58:21.647308
297|fighting|1|2024-08-04 13:58:21.647308
298|normal|1|2024-08-04 13:58:21.647308
298|fairy|2|2024-08-04 13:58:21.647308
299|rock|1|2024-08-04 13:58:21.647308
300|normal|1|2024-08-04 13:58:21.647308
301|normal|1|2024-08-04 13:58:21.647308
302|dark|1|2024-08-04 13:58:21.647308
302|ghost|2|2024-08-04 13:58:21.647308
303|steel|1|2024-08-04 13:58:21.647308
303|fairy|2|2024-08-04 13:58:21.647308
304|steel|1|2024-08-04 13:58:21.647308
304|rock|2|2024-08-04 13:58:21.647308
305|steel|1|2024-08-04 13:58:21.647308
305|rock|2|2024-08-04 13:58:21.647308
306|steel|1|2024-08-04 13:58:21.647308
306|rock|2|2024-08-04 13:58:21.647308
307|fighting|1|2024-08-04 13:58:21.647308
307|psychic|2|2024-08-04 13:58:21.647308
308|fighting|1|2024-08-04 13:58:21.647308
308|psychic|2|2024-08-04 13:58:21.647308
309|electric|1|2024-08-04 13:58:21.647308
310|electric|1|2024-08-04 13:58:21.647308
311|electric|1|2024-08-04 13:58:21.647308
312|electric|1|2024-08-04 13:58:21.647308
313|bug|1|2024-08-04 13:58:21.647308
314|bug|1|2024-08-04 13:58:21.647308
315|grass|1|2024-08-04 13:58:21.647308
315|poison|2|2024-08-04 13:58:21.647308
316|poison|1|2024-08-04 13:58:21.647308
317|poison|1|2024-08-04 13:58:21.647308
318|water|1|2024-08-04 13:58:21.647308
318|dark|2|2024-08-04 13:58:21.647308
319|water|1|2024-08-04 13:58:21.647308
319|dark|2|2024-08-04 13:58:21.647308
320|water|1|2024-08-04 13:58:21.647308
321|water|1|2024-08-04 13:58:21.647308
322|fire|1|2024-08-04 13:58:21.647308
322|ground|2|2024-08-04 13:58:21.647308
323|fire|1|2024-08-04 13:58:21.647308
323|ground|2|2024-08-04 13:58:21.647308
324|fire|1|2024-08-04 13:58:21.647308
325|psychic|1|2024-08-04 13:58:21.647308
326|psychic|1|2024-08-04 13:58:21.647308
327|normal|1|2024-08-04 13:58:21.647308
328|ground|1|2024-08-04 13:58:21.647308
329|ground|1|2024-08-04 13:58:21.647308
329|dragon|2|2024-08-04 13:58:21.647308
330|ground|1|2024-08-04 13:58:21.647308
330|dragon|2|2024-08-04 13:58:21.647308
331|grass|1|2024-08-04 13:58:21.647308
332|grass|1|2024-08-04 13:58:21.647308
332|dark|2|2024-08-04 13:58:21.647308
333|normal|1|2024-08-04 13:58:21.647308
333|flying|2|2024-08-04 13:58:21.647308
334|dragon|1|2024-08-04 13:58:21.647308
334|flying|2|2024-08-04 13:58:21.647308
335|normal|1|2024-08-04 13:58:21.647308
336|poison|1|2024-08-04 13:58:21.647308
337|rock|1|2024-08-04 13:58:21.647308
337|psychic|2|2024-08-04 13:58:21.647308
338|rock|1|2024-08-04 13:58:21.647308
338|psychic|2|2024-08-04 13:58:21.647308
339|water|1|2024-08-04 13:58:21.647308
339|ground|2|2024-08-04 13:58:21.647308
340|water|1|2024-08-04 13:58:21.647308
340|ground|2|2024-08-04 13:58:21.647308
341|water|1|2024-08-04 13:58:21.647308
342|water|1|2024-08-04 13:58:21.647308
342|dark|2|2024-08-04 13:58:21.647308
343|ground|1|2024-08-04 13:58:21.647308
343|psychic|2|2024-08-04 13:58:21.647308
344|ground|1|2024-08-04 13:58:21.647308
344|psychic|2|2024-08-04 13:58:21.647308
345|rock|1|2024-08-04 13:58:21.647308
345|grass|2|2024-08-04 13:58:21.647308
346|rock|1|2024-08-04 13:58:21.647308
346|grass|2|2024-08-04 13:58:21.647308
347|rock|1|2024-08-04 13:58:21.647308
347|bug|2|2024-08-04 13:58:21.647308
348|rock|1|2024-08-04 13:58:21.647308
348|bug|2|2024-08-04 13:58:21.647308
349|water|1|2024-08-04 13:58:21.647308
350|water|1|2024-08-04 13:58:21.647308
351|normal|1|2024-08-04 13:58:21.647308
352|normal|1|2024-08-04 13:58:21.647308
353|ghost|1|2024-08-04 13:58:21.647308
354|ghost|1|2024-08-04 13:58:21.647308
355|ghost|1|2024-08-04 13:58:21.647308
356|ghost|1|2024-08-04 13:58:21.647308
357|grass|1|2024-08-04 13:58:21.647308
357|flying|2|2024-08-04 13:58:21.647308
358|psychic|1|2024-08-04 13:58:21.647308
359|dark|1|2024-08-04 13:58:21.647308
360|psychic|1|2024-08-04 13:58:21.647308
361|ice|1|2024-08-04 13:58:21.647308
362|ice|1|2024-08-04 13:58:21.647308
363|ice|1|2024-08-04 13:58:21.647308
363|water|2|2024-08-04 13:58:21.647308
364|ice|1|2024-08-04 13:58:21.647308
364|water|2|2024-08-04 13:58:21.647308
365|ice|1|2024-08-04 13:58:21.647308
365|water|2|2024-08-04 13:58:21.647308
366|water|1|2024-08-04 13:58:21.647308
367|water|1|2024-08-04 13:58:21.647308
368|water|1|2024-08-04 13:58:21.647308
369|water|1|2024-08-04 13:58:21.647308
369|rock|2|2024-08-04 13:58:21.647308
370|water|1|2024-08-04 13:58:21.647308
371|dragon|1|2024-08-04 13:58:21.647308
372|dragon|1|2024-08-04 13:58:21.647308
373|dragon|1|2024-08-04 13:58:21.647308
373|flying|2|2024-08-04 13:58:21.647308
374|steel|1|2024-08-04 13:58:21.647308
374|psychic|2|2024-08-04 13:58:21.647308
375|steel|1|2024-08-04 13:58:21.647308
375|psychic|2|2024-08-04 13:58:21.647308
376|steel|1|2024-08-04 13:58:21.647308
376|psychic|2|2024-08-04 13:58:21.647308
377|rock|1|2024-08-04 13:58:21.647308
378|ice|1|2024-08-04 13:58:21.647308
379|steel|1|2024-08-04 13:58:21.647308
380|dragon|1|2024-08-04 13:58:21.647308
380|psychic|2|2024-08-04 13:58:21.647308
381|dragon|1|2024-08-04 13:58:21.647308
381|psychic|2|2024-08-04 13:58:21.647308
382|water|1|2024-08-04 13:58:21.647308
383|ground|1|2024-08-04 13:58:21.647308
384|dragon|1|2024-08-04 13:58:21.647308
384|flying|2|2024-08-04 13:58:21.647308
385|steel|1|2024-08-04 13:58:21.647308
385|psychic|2|2024-08-04 13:58:21.647308
386|psychic|1|2024-08-04 13:58:21.647308
387|grass|1|2024-08-04 13:58:21.647308
388|grass|1|2024-08-04 13:58:21.647308
389|grass|1|2024-08-04 13:58:21.647308
389|ground|2|2024-08-04 13:58:21.647308
390|fire|1|2024-08-04 13:58:21.647308
391|fire|1|2024-08-04 13:58:21.647308
391|fighting|2|2024-08-04 13:58:21.647308
392|fire|1|2024-08-04 13:58:21.647308
392|fighting|2|2024-08-04 13:58:21.647308
393|water|1|2024-08-04 13:58:21.647308
394|water|1|2024-08-04 13:58:21.647308
395|water|1|2024-08-04 13:58:21.647308
395|steel|2|2024-08-04 13:58:21.647308
396|normal|1|2024-08-04 13:58:21.647308
396|flying|2|2024-08-04 13:58:21.647308
397|normal|1|2024-08-04 13:58:21.647308
397|flying|2|2024-08-04 13:58:21.647308
398|normal|1|2024-08-04 13:58:21.647308
398|flying|2|2024-08-04 13:58:21.647308
399|normal|1|2024-08-04 13:58:21.647308
400|normal|1|2024-08-04 13:58:21.647308
400|water|2|2024-08-04 13:58:21.647308
401|bug|1|2024-08-04 13:58:21.647308
402|bug|1|2024-08-04 13:58:21.647308
403|electric|1|2024-08-04 13:58:21.647308
404|electric|1|2024-08-04 13:58:21.647308
405|electric|1|2024-08-04 13:58:21.647308
406|grass|1|2024-08-04 13:58:21.647308
406|poison|2|2024-08-04 13:58:21.647308
407|grass|1|2024-08-04 13:58:21.647308
407|poison|2|2024-08-04 13:58:21.647308
408|rock|1|2024-08-04 13:58:21.647308
409|rock|1|2024-08-04 13:58:21.647308
410|rock|1|2024-08-04 13:58:21.647308
410|steel|2|2024-08-04 13:58:21.647308
411|rock|1|2024-08-04 13:58:21.647308
411|steel|2|2024-08-04 13:58:21.647308
412|bug|1|2024-08-04 13:58:21.647308
413|bug|1|2024-08-04 13:58:21.647308
413|grass|2|2024-08-04 13:58:21.647308
414|bug|1|2024-08-04 13:58:21.647308
414|flying|2|2024-08-04 13:58:21.647308
415|bug|1|2024-08-04 13:58:21.647308
415|flying|2|2024-08-04 13:58:21.647308
416|bug|1|2024-08-04 13:58:21.647308
416|flying|2|2024-08-04 13:58:21.647308
417|electric|1|2024-08-04 13:58:21.647308
418|water|1|2024-08-04 13:58:21.647308
419|water|1|2024-08-04 13:58:21.647308
420|grass|1|2024-08-04 13:58:21.647308
421|grass|1|2024-08-04 13:58:21.647308
422|water|1|2024-08-04 13:58:21.647308
423|water|1|2024-08-04 13:58:21.647308
423|ground|2|2024-08-04 13:58:21.647308
424|normal|1|2024-08-04 13:58:21.647308
425|ghost|1|2024-08-04 13:58:21.647308
425|flying|2|2024-08-04 13:58:21.647308
426|ghost|1|2024-08-04 13:58:21.647308
426|flying|2|2024-08-04 13:58:21.647308
427|normal|1|2024-08-04 13:58:21.647308
428|normal|1|2024-08-04 13:58:21.647308
429|ghost|1|2024-08-04 13:58:21.647308
430|dark|1|2024-08-04 13:58:21.647308
430|flying|2|2024-08-04 13:58:21.647308
431|normal|1|2024-08-04 13:58:21.647308
432|normal|1|2024-08-04 13:58:21.647308
433|psychic|1|2024-08-04 13:58:21.647308
434|poison|1|2024-08-04 13:58:21.647308
434|dark|2|2024-08-04 13:58:21.647308
435|poison|1|2024-08-04 13:58:21.647308
435|dark|2|2024-08-04 13:58:21.647308
436|steel|1|2024-08-04 13:58:21.647308
436|psychic|2|2024-08-04 13:58:21.647308
437|steel|1|2024-08-04 13:58:21.647308
437|psychic|2|2024-08-04 13:58:21.647308
438|rock|1|2024-08-04 13:58:21.647308
439|psychic|1|2024-08-04 13:58:21.647308
439|fairy|2|2024-08-04 13:58:21.647308
440|normal|1|2024-08-04 13:58:21.647308
441|normal|1|2024-08-04 13:58:21.647308
441|flying|2|2024-08-04 13:58:21.647308
442|ghost|1|2024-08-04 13:58:21.647308
442|dark|2|2024-08-04 13:58:21.647308
443|dragon|1|2024-08-04 13:58:21.647308
443|ground|2|2024-08-04 13:58:21.647308
444|dragon|1|2024-08-04 13:58:21.647308
444|ground|2|2024-08-04 13:58:21.647308
445|dragon|1|2024-08-04 13:58:21.647308
445|ground|2|2024-08-04 13:58:21.647308
446|normal|1|2024-08-04 13:58:21.647308
447|fighting|1|2024-08-04 13:58:21.647308
448|fighting|1|2024-08-04 13:58:21.647308
448|steel|2|2024-08-04 13:58:21.647308
449|ground|1|2024-08-04 13:58:21.647308
450|ground|1|2024-08-04 13:58:21.647308
451|poison|1|2024-08-04 13:58:21.647308
451|bug|2|2024-08-04 13:58:21.647308
452|poison|1|2024-08-04 13:58:21.647308
452|dark|2|2024-08-04 13:58:21.647308
453|poison|1|2024-08-04 13:58:21.647308
453|fighting|2|2024-08-04 13:58:21.647308
454|poison|1|2024-08-04 13:58:21.647308
454|fighting|2|2024-08-04 13:58:21.647308
455|grass|1|2024-08-04 13:58:21.647308
456|water|1|2024-08-04 13:58:21.647308
457|water|1|2024-08-04 13:58:21.647308
458|water|1|2024-08-04 13:58:21.647308
458|flying|2|2024-08-04 13:58:21.647308
459|grass|1|2024-08-04 13:58:21.647308
459|ice|2|2024-08-04 13:58:21.647308
460|grass|1|2024-08-04 13:58:21.647308
460|ice|2|2024-08-04 13:58:21.647308
461|dark|1|2024-08-04 13:58:21.647308
461|ice|2|2024-08-04 13:58:21.647308
462|electric|1|2024-08-04 13:58:21.647308
462|steel|2|2024-08-04 13:58:21.647308
463|normal|1|2024-08-04 13:58:21.647308
464|ground|1|2024-08-04 13:58:21.647308
464|rock|2|2024-08-04 13:58:21.647308
465|grass|1|2024-08-04 13:58:21.647308
466|electric|1|2024-08-04 13:58:21.647308
467|fire|1|2024-08-04 13:58:21.647308
468|fairy|1|2024-08-04 13:58:21.647308
468|flying|2|2024-08-04 13:58:21.647308
469|bug|1|2024-08-04 13:58:21.647308
469|flying|2|2024-08-04 13:58:21.647308
470|grass|1|2024-08-04 13:58:21.647308
471|ice|1|2024-08-04 13:58:21.647308
472|ground|1|2024-08-04 13:58:21.647308
472|flying|2|2024-08-04 13:58:21.647308
473|ice|1|2024-08-04 13:58:21.647308
473|ground|2|2024-08-04 13:58:21.647308
474|normal|1|2024-08-04 13:58:21.647308
475|psychic|1|2024-08-04 13:58:21.647308
475|fighting|2|2024-08-04 13:58:21.647308
476|rock|1|2024-08-04 13:58:21.647308
476|steel|2|2024-08-04 13:58:21.647308
477|ghost|1|2024-08-04 13:58:21.647308
478|ice|1|2024-08-04 13:58:21.647308
478|ghost|2|2024-08-04 13:58:21.647308
479|electric|1|2024-08-04 13:58:21.647308
479|ghost|2|2024-08-04 13:58:21.647308
480|psychic|1|2024-08-04 13:58:21.647308
481|psychic|1|2024-08-04 13:58:21.647308
482|psychic|1|2024-08-04 13:58:21.647308
483|steel|1|2024-08-04 13:58:21.647308
483|dragon|2|2024-08-04 13:58:21.647308
484|water|1|2024-08-04 13:58:21.647308
484|dragon|2|2024-08-04 13:58:21.647308
485|fire|1|2024-08-04 13:58:21.647308
485|steel|2|2024-08-04 13:58:21.647308
486|normal|1|2024-08-04 13:58:21.647308
487|ghost|1|2024-08-04 13:58:21.647308
487|dragon|2|2024-08-04 13:58:21.647308
488|psychic|1|2024-08-04 13:58:21.647308
489|water|1|2024-08-04 13:58:21.647308
490|water|1|2024-08-04 13:58:21.647308
491|dark|1|2024-08-04 13:58:21.647308
492|grass|1|2024-08-04 13:58:21.647308
493|normal|1|2024-08-04 13:58:21.647308
494|psychic|1|2024-08-04 13:58:21.647308
494|fire|2|2024-08-04 13:58:21.647308
495|grass|1|2024-08-04 13:58:21.647308
496|grass|1|2024-08-04 13:58:21.647308
497|grass|1|2024-08-04 13:58:21.647308
498|fire|1|2024-08-04 13:58:21.647308
499|fire|1|2024-08-04 13:58:21.647308
499|fighting|2|2024-08-04 13:58:21.647308
500|fire|1|2024-08-04 13:58:21.647308
500|fighting|2|2024-08-04 13:58:21.647308
501|water|1|2024-08-04 13:58:21.647308
502|water|1|2024-08-04 13:58:21.647308
503|water|1|2024-08-04 13:58:21.647308
504|normal|1|2024-08-04 13:58:21.647308
505|normal|1|2024-08-04 13:58:21.647308
506|normal|1|2024-08-04 13:58:21.647308
507|normal|1|2024-08-04 13:58:21.647308
508|normal|1|2024-08-04 13:58:21.647308
509|dark|1|2024-08-04 13:58:21.647308
510|dark|1|2024-08-04 13:58:21.647308
511|grass|1|2024-08-04 13:58:21.647308
512|grass|1|2024-08-04 13:58:21.647308
513|fire|1|2024-08-04 13:58:21.647308
514|fire|1|2024-08-04 13:58:21.647308
515|water|1|2024-08-04 13:58:21.647308
516|water|1|2024-08-04 13:58:21.647308
517|psychic|1|2024-08-04 13:58:21.647308
518|psychic|1|2024-08-04 13:58:21.647308
519|normal|1|2024-08-04 13:58:21.647308
519|flying|2|2024-08-04 13:58:21.647308
520|normal|1|2024-08-04 13:58:21.647308
520|flying|2|2024-08-04 13:58:21.647308
521|normal|1|2024-08-04 13:58:21.647308
521|flying|2|2024-08-04 13:58:21.647308
522|electric|1|2024-08-04 13:58:21.647308
523|electric|1|2024-08-04 13:58:21.647308
524|rock|1|2024-08-04 13:58:21.647308
525|rock|1|2024-08-04 13:58:21.647308
526|rock|1|2024-08-04 13:58:21.647308
527|psychic|1|2024-08-04 13:58:21.647308
527|flying|2|2024-08-04 13:58:21.647308
528|psychic|1|2024-08-04 13:58:21.647308
528|flying|2|2024-08-04 13:58:21.647308
529|ground|1|2024-08-04 13:58:21.647308
530|ground|1|2024-08-04 13:58:21.647308
530|steel|2|2024-08-04 13:58:21.647308
531|normal|1|2024-08-04 13:58:21.647308
532|fighting|1|2024-08-04 13:58:21.647308
533|fighting|1|2024-08-04 13:58:21.647308
534|fighting|1|2024-08-04 13:58:21.647308
535|water|1|2024-08-04 13:58:21.647308
536|water|1|2024-08-04 13:58:21.647308
536|ground|2|2024-08-04 13:58:21.647308
537|water|1|2024-08-04 13:58:21.647308
537|ground|2|2024-08-04 13:58:21.647308
538|fighting|1|2024-08-04 13:58:21.647308
539|fighting|1|2024-08-04 13:58:21.647308
540|bug|1|2024-08-04 13:58:21.647308
540|grass|2|2024-08-04 13:58:21.647308
541|bug|1|2024-08-04 13:58:21.647308
541|grass|2|2024-08-04 13:58:21.647308
542|bug|1|2024-08-04 13:58:21.647308
542|grass|2|2024-08-04 13:58:21.647308
543|bug|1|2024-08-04 13:58:21.647308
543|poison|2|2024-08-04 13:58:21.647308
544|bug|1|2024-08-04 13:58:21.647308
544|poison|2|2024-08-04 13:58:21.647308
545|bug|1|2024-08-04 13:58:21.647308
545|poison|2|2024-08-04 13:58:21.647308
546|grass|1|2024-08-04 13:58:21.647308
546|fairy|2|2024-08-04 13:58:21.647308
547|grass|1|2024-08-04 13:58:21.647308
547|fairy|2|2024-08-04 13:58:21.647308
548|grass|1|2024-08-04 13:58:21.647308
549|grass|1|2024-08-04 13:58:21.647308
550|water|1|2024-08-04 13:58:21.647308
551|ground|1|2024-08-04 13:58:21.647308
551|dark|2|2024-08-04 13:58:21.647308
552|ground|1|2024-08-04 13:58:21.647308
552|dark|2|2024-08-04 13:58:21.647308
553|ground|1|2024-08-04 13:58:21.647308
553|dark|2|2024-08-04 13:58:21.647308
554|fire|1|2024-08-04 13:58:21.647308
555|fire|1|2024-08-04 13:58:21.647308
556|grass|1|2024-08-04 13:58:21.647308
557|bug|1|2024-08-04 13:58:21.647308
557|rock|2|2024-08-04 13:58:21.647308
558|bug|1|2024-08-04 13:58:21.647308
558|rock|2|2024-08-04 13:58:21.647308
559|dark|1|2024-08-04 13:58:21.647308
559|fighting|2|2024-08-04 13:58:21.647308
560|dark|1|2024-08-04 13:58:21.647308
560|fighting|2|2024-08-04 13:58:21.647308
561|psychic|1|2024-08-04 13:58:21.647308
561|flying|2|2024-08-04 13:58:21.647308
562|ghost|1|2024-08-04 13:58:21.647308
563|ghost|1|2024-08-04 13:58:21.647308
564|water|1|2024-08-04 13:58:21.647308
564|rock|2|2024-08-04 13:58:21.647308
565|water|1|2024-08-04 13:58:21.647308
565|rock|2|2024-08-04 13:58:21.647308
566|rock|1|2024-08-04 13:58:21.647308
566|flying|2|2024-08-04 13:58:21.647308
567|rock|1|2024-08-04 13:58:21.647308
567|flying|2|2024-08-04 13:58:21.647308
568|poison|1|2024-08-04 13:58:21.647308
569|poison|1|2024-08-04 13:58:21.647308
570|dark|1|2024-08-04 13:58:21.647308
571|dark|1|2024-08-04 13:58:21.647308
572|normal|1|2024-08-04 13:58:21.647308
573|normal|1|2024-08-04 13:58:21.647308
574|psychic|1|2024-08-04 13:58:21.647308
575|psychic|1|2024-08-04 13:58:21.647308
576|psychic|1|2024-08-04 13:58:21.647308
577|psychic|1|2024-08-04 13:58:21.647308
578|psychic|1|2024-08-04 13:58:21.647308
579|psychic|1|2024-08-04 13:58:21.647308
580|water|1|2024-08-04 13:58:21.647308
580|flying|2|2024-08-04 13:58:21.647308
581|water|1|2024-08-04 13:58:21.647308
581|flying|2|2024-08-04 13:58:21.647308
582|ice|1|2024-08-04 13:58:21.647308
583|ice|1|2024-08-04 13:58:21.647308
584|ice|1|2024-08-04 13:58:21.647308
585|normal|1|2024-08-04 13:58:21.647308
585|grass|2|2024-08-04 13:58:21.647308
586|normal|1|2024-08-04 13:58:21.647308
586|grass|2|2024-08-04 13:58:21.647308
587|electric|1|2024-08-04 13:58:21.647308
587|flying|2|2024-08-04 13:58:21.647308
588|bug|1|2024-08-04 13:58:21.647308
589|bug|1|2024-08-04 13:58:21.647308
589|steel|2|2024-08-04 13:58:21.647308
590|grass|1|2024-08-04 13:58:21.647308
590|poison|2|2024-08-04 13:58:21.647308
591|grass|1|2024-08-04 13:58:21.647308
591|poison|2|2024-08-04 13:58:21.647308
592|water|1|2024-08-04 13:58:21.647308
592|ghost|2|2024-08-04 13:58:21.647308
593|water|1|2024-08-04 13:58:21.647308
593|ghost|2|2024-08-04 13:58:21.647308
594|water|1|2024-08-04 13:58:21.647308
595|bug|1|2024-08-04 13:58:21.647308
595|electric|2|2024-08-04 13:58:21.647308
596|bug|1|2024-08-04 13:58:21.647308
596|electric|2|2024-08-04 13:58:21.647308
597|grass|1|2024-08-04 13:58:21.647308
597|steel|2|2024-08-04 13:58:21.647308
598|grass|1|2024-08-04 13:58:21.647308
598|steel|2|2024-08-04 13:58:21.647308
599|steel|1|2024-08-04 13:58:21.647308
600|steel|1|2024-08-04 13:58:21.647308
601|steel|1|2024-08-04 13:58:21.647308
602|electric|1|2024-08-04 13:58:21.647308
603|electric|1|2024-08-04 13:58:21.647308
604|electric|1|2024-08-04 13:58:21.647308
605|psychic|1|2024-08-04 13:58:21.647308
606|psychic|1|2024-08-04 13:58:21.647308
607|ghost|1|2024-08-04 13:58:21.647308
607|fire|2|2024-08-04 13:58:21.647308
608|ghost|1|2024-08-04 13:58:21.647308
608|fire|2|2024-08-04 13:58:21.647308
609|ghost|1|2024-08-04 13:58:21.647308
609|fire|2|2024-08-04 13:58:21.647308
610|dragon|1|2024-08-04 13:58:21.647308
611|dragon|1|2024-08-04 13:58:21.647308
612|dragon|1|2024-08-04 13:58:21.647308
613|ice|1|2024-08-04 13:58:21.647308
614|ice|1|2024-08-04 13:58:21.647308
615|ice|1|2024-08-04 13:58:21.647308
616|bug|1|2024-08-04 13:58:21.647308
617|bug|1|2024-08-04 13:58:21.647308
618|ground|1|2024-08-04 13:58:21.647308
618|electric|2|2024-08-04 13:58:21.647308
619|fighting|1|2024-08-04 13:58:21.647308
620|fighting|1|2024-08-04 13:58:21.647308
621|dragon|1|2024-08-04 13:58:21.647308
622|ground|1|2024-08-04 13:58:21.647308
622|ghost|2|2024-08-04 13:58:21.647308
623|ground|1|2024-08-04 13:58:21.647308
623|ghost|2|2024-08-04 13:58:21.647308
624|dark|1|2024-08-04 13:58:21.647308
624|steel|2|2024-08-04 13:58:21.647308
625|dark|1|2024-08-04 13:58:21.647308
625|steel|2|2024-08-04 13:58:21.647308
626|normal|1|2024-08-04 13:58:21.647308
627|normal|1|2024-08-04 13:58:21.647308
627|flying|2|2024-08-04 13:58:21.647308
628|normal|1|2024-08-04 13:58:21.647308
628|flying|2|2024-08-04 13:58:21.647308
629|dark|1|2024-08-04 13:58:21.647308
629|flying|2|2024-08-04 13:58:21.647308
630|dark|1|2024-08-04 13:58:21.647308
630|flying|2|2024-08-04 13:58:21.647308
631|fire|1|2024-08-04 13:58:21.647308
632|bug|1|2024-08-04 13:58:21.647308
632|steel|2|2024-08-04 13:58:21.647308
633|dark|1|2024-08-04 13:58:21.647308
633|dragon|2|2024-08-04 13:58:21.647308
634|dark|1|2024-08-04 13:58:21.647308
634|dragon|2|2024-08-04 13:58:21.647308
635|dark|1|2024-08-04 13:58:21.647308
635|dragon|2|2024-08-04 13:58:21.647308
636|bug|1|2024-08-04 13:58:21.647308
636|fire|2|2024-08-04 13:58:21.647308
637|bug|1|2024-08-04 13:58:21.647308
637|fire|2|2024-08-04 13:58:21.647308
638|steel|1|2024-08-04 13:58:21.647308
638|fighting|2|2024-08-04 13:58:21.647308
639|rock|1|2024-08-04 13:58:21.647308
639|fighting|2|2024-08-04 13:58:21.647308
640|grass|1|2024-08-04 13:58:21.647308
640|fighting|2|2024-08-04 13:58:21.647308
641|flying|1|2024-08-04 13:58:21.647308
642|electric|1|2024-08-04 13:58:21.647308
642|flying|2|2024-08-04 13:58:21.647308
643|dragon|1|2024-08-04 13:58:21.647308
643|fire|2|2024-08-04 13:58:21.647308
644|dragon|1|2024-08-04 13:58:21.647308
644|electric|2|2024-08-04 13:58:21.647308
645|ground|1|2024-08-04 13:58:21.647308
645|flying|2|2024-08-04 13:58:21.647308
646|dragon|1|2024-08-04 13:58:21.647308
646|ice|2|2024-08-04 13:58:21.647308
647|water|1|2024-08-04 13:58:21.647308
647|fighting|2|2024-08-04 13:58:21.647308
648|normal|1|2024-08-04 13:58:21.647308
648|psychic|2|2024-08-04 13:58:21.647308
649|bug|1|2024-08-04 13:58:21.647308
649|steel|2|2024-08-04 13:58:21.647308
650|grass|1|2024-08-04 13:58:21.647308
651|grass|1|2024-08-04 13:58:21.647308
652|grass|1|2024-08-04 13:58:21.647308
652|fighting|2|2024-08-04 13:58:21.647308
653|fire|1|2024-08-04 13:58:21.647308
654|fire|1|2024-08-04 13:58:21.647308
655|fire|1|2024-08-04 13:58:21.647308
655|psychic|2|2024-08-04 13:58:21.647308
656|water|1|2024-08-04 13:58:21.647308
657|water|1|2024-08-04 13:58:21.647308
658|water|1|2024-08-04 13:58:21.647308
658|dark|2|2024-08-04 13:58:21.647308
659|normal|1|2024-08-04 13:58:21.647308
660|normal|1|2024-08-04 13:58:21.647308
660|ground|2|2024-08-04 13:58:21.647308
661|normal|1|2024-08-04 13:58:21.647308
661|flying|2|2024-08-04 13:58:21.647308
662|fire|1|2024-08-04 13:58:21.647308
662|flying|2|2024-08-04 13:58:21.647308
663|fire|1|2024-08-04 13:58:21.647308
663|flying|2|2024-08-04 13:58:21.647308
664|bug|1|2024-08-04 13:58:21.647308
665|bug|1|2024-08-04 13:58:21.647308
666|bug|1|2024-08-04 13:58:21.647308
666|flying|2|2024-08-04 13:58:21.647308
667|fire|1|2024-08-04 13:58:21.647308
667|normal|2|2024-08-04 13:58:21.647308
668|fire|1|2024-08-04 13:58:21.647308
668|normal|2|2024-08-04 13:58:21.647308
669|fairy|1|2024-08-04 13:58:21.647308
670|fairy|1|2024-08-04 13:58:21.647308
671|fairy|1|2024-08-04 13:58:21.647308
672|grass|1|2024-08-04 13:58:21.647308
673|grass|1|2024-08-04 13:58:21.647308
674|fighting|1|2024-08-04 13:58:21.647308
675|fighting|1|2024-08-04 13:58:21.647308
675|dark|2|2024-08-04 13:58:21.647308
676|normal|1|2024-08-04 13:58:21.647308
677|psychic|1|2024-08-04 13:58:21.647308
678|psychic|1|2024-08-04 13:58:21.647308
679|steel|1|2024-08-04 13:58:21.647308
679|ghost|2|2024-08-04 13:58:21.647308
680|steel|1|2024-08-04 13:58:21.647308
680|ghost|2|2024-08-04 13:58:21.647308
681|steel|1|2024-08-04 13:58:21.647308
681|ghost|2|2024-08-04 13:58:21.647308
682|fairy|1|2024-08-04 13:58:21.647308
683|fairy|1|2024-08-04 13:58:21.647308
684|fairy|1|2024-08-04 13:58:21.647308
685|fairy|1|2024-08-04 13:58:21.647308
686|dark|1|2024-08-04 13:58:21.647308
686|psychic|2|2024-08-04 13:58:21.647308
687|dark|1|2024-08-04 13:58:21.647308
687|psychic|2|2024-08-04 13:58:21.647308
688|rock|1|2024-08-04 13:58:21.647308
688|water|2|2024-08-04 13:58:21.647308
689|rock|1|2024-08-04 13:58:21.647308
689|water|2|2024-08-04 13:58:21.647308
690|poison|1|2024-08-04 13:58:21.647308
690|water|2|2024-08-04 13:58:21.647308
691|poison|1|2024-08-04 13:58:21.647308
691|dragon|2|2024-08-04 13:58:21.647308
692|water|1|2024-08-04 13:58:21.647308
693|water|1|2024-08-04 13:58:21.647308
694|electric|1|2024-08-04 13:58:21.647308
694|normal|2|2024-08-04 13:58:21.647308
695|electric|1|2024-08-04 13:58:21.647308
695|normal|2|2024-08-04 13:58:21.647308
696|rock|1|2024-08-04 13:58:21.647308
696|dragon|2|2024-08-04 13:58:21.647308
697|rock|1|2024-08-04 13:58:21.647308
697|dragon|2|2024-08-04 13:58:21.647308
698|rock|1|2024-08-04 13:58:21.647308
698|ice|2|2024-08-04 13:58:21.647308
699|rock|1|2024-08-04 13:58:21.647308
699|ice|2|2024-08-04 13:58:21.647308
700|fairy|1|2024-08-04 13:58:21.647308
701|fighting|1|2024-08-04 13:58:21.647308
701|flying|2|2024-08-04 13:58:21.647308
702|electric|1|2024-08-04 13:58:21.647308
702|fairy|2|2024-08-04 13:58:21.647308
703|rock|1|2024-08-04 13:58:21.647308
703|fairy|2|2024-08-04 13:58:21.647308
704|dragon|1|2024-08-04 13:58:21.647308
705|dragon|1|2024-08-04 13:58:21.647308
706|dragon|1|2024-08-04 13:58:21.647308
707|steel|1|2024-08-04 13:58:21.647308
707|fairy|2|2024-08-04 13:58:21.647308
708|ghost|1|2024-08-04 13:58:21.647308
708|grass|2|2024-08-04 13:58:21.647308
709|ghost|1|2024-08-04 13:58:21.647308
709|grass|2|2024-08-04 13:58:21.647308
710|ghost|1|2024-08-04 13:58:21.647308
710|grass|2|2024-08-04 13:58:21.647308
711|ghost|1|2024-08-04 13:58:21.647308
711|grass|2|2024-08-04 13:58:21.647308
712|ice|1|2024-08-04 13:58:21.647308
713|ice|1|2024-08-04 13:58:21.647308
714|flying|1|2024-08-04 13:58:21.647308
714|dragon|2|2024-08-04 13:58:21.647308
715|flying|1|2024-08-04 13:58:21.647308
715|dragon|2|2024-08-04 13:58:21.647308
716|fairy|1|2024-08-04 13:58:21.647308
717|dark|1|2024-08-04 13:58:21.647308
717|flying|2|2024-08-04 13:58:21.647308
718|dragon|1|2024-08-04 13:58:21.647308
718|ground|2|2024-08-04 13:58:21.647308
719|rock|1|2024-08-04 13:58:21.647308
719|fairy|2|2024-08-04 13:58:21.647308
720|psychic|1|2024-08-04 13:58:21.647308
720|ghost|2|2024-08-04 13:58:21.647308
721|fire|1|2024-08-04 13:58:21.647308
721|water|2|2024-08-04 13:58:21.647308
722|grass|1|2024-08-04 13:58:21.647308
722|flying|2|2024-08-04 13:58:21.647308
723|grass|1|2024-08-04 13:58:21.647308
723|flying|2|2024-08-04 13:58:21.647308
724|grass|1|2024-08-04 13:58:21.647308
724|ghost|2|2024-08-04 13:58:21.647308
725|fire|1|2024-08-04 13:58:21.647308
726|fire|1|2024-08-04 13:58:21.647308
727|fire|1|2024-08-04 13:58:21.647308
727|dark|2|2024-08-04 13:58:21.647308
728|water|1|2024-08-04 13:58:21.647308
729|water|1|2024-08-04 13:58:21.647308
730|water|1|2024-08-04 13:58:21.647308
730|fairy|2|2024-08-04 13:58:21.647308
731|normal|1|2024-08-04 13:58:21.647308
731|flying|2|2024-08-04 13:58:21.647308
732|normal|1|2024-08-04 13:58:21.647308
732|flying|2|2024-08-04 13:58:21.647308
733|normal|1|2024-08-04 13:58:21.647308
733|flying|2|2024-08-04 13:58:21.647308
734|normal|1|2024-08-04 13:58:21.647308
735|normal|1|2024-08-04 13:58:21.647308
736|bug|1|2024-08-04 13:58:21.647308
737|bug|1|2024-08-04 13:58:21.647308
737|electric|2|2024-08-04 13:58:21.647308
738|bug|1|2024-08-04 13:58:21.647308
738|electric|2|2024-08-04 13:58:21.647308
739|fighting|1|2024-08-04 13:58:21.647308
740|fighting|1|2024-08-04 13:58:21.647308
740|ice|2|2024-08-04 13:58:21.647308
741|fire|1|2024-08-04 13:58:21.647308
741|flying|2|2024-08-04 13:58:21.647308
742|bug|1|2024-08-04 13:58:21.647308
742|fairy|2|2024-08-04 13:58:21.647308
743|bug|1|2024-08-04 13:58:21.647308
743|fairy|2|2024-08-04 13:58:21.647308
744|rock|1|2024-08-04 13:58:21.647308
745|rock|1|2024-08-04 13:58:21.647308
746|water|1|2024-08-04 13:58:21.647308
747|poison|1|2024-08-04 13:58:21.647308
747|water|2|2024-08-04 13:58:21.647308
748|poison|1|2024-08-04 13:58:21.647308
748|water|2|2024-08-04 13:58:21.647308
749|ground|1|2024-08-04 13:58:21.647308
750|ground|1|2024-08-04 13:58:21.647308
751|water|1|2024-08-04 13:58:21.647308
751|bug|2|2024-08-04 13:58:21.647308
752|water|1|2024-08-04 13:58:21.647308
752|bug|2|2024-08-04 13:58:21.647308
753|grass|1|2024-08-04 13:58:21.647308
754|grass|1|2024-08-04 13:58:21.647308
755|grass|1|2024-08-04 13:58:21.647308
755|fairy|2|2024-08-04 13:58:21.647308
756|grass|1|2024-08-04 13:58:21.647308
756|fairy|2|2024-08-04 13:58:21.647308
757|poison|1|2024-08-04 13:58:21.647308
757|fire|2|2024-08-04 13:58:21.647308
758|poison|1|2024-08-04 13:58:21.647308
758|fire|2|2024-08-04 13:58:21.647308
759|normal|1|2024-08-04 13:58:21.647308
759|fighting|2|2024-08-04 13:58:21.647308
760|normal|1|2024-08-04 13:58:21.647308
760|fighting|2|2024-08-04 13:58:21.647308
761|grass|1|2024-08-04 13:58:21.647308
762|grass|1|2024-08-04 13:58:21.647308
763|grass|1|2024-08-04 13:58:21.647308
764|fairy|1|2024-08-04 13:58:21.647308
765|normal|1|2024-08-04 13:58:21.647308
765|psychic|2|2024-08-04 13:58:21.647308
766|fighting|1|2024-08-04 13:58:21.647308
767|bug|1|2024-08-04 13:58:21.647308
767|water|2|2024-08-04 13:58:21.647308
768|bug|1|2024-08-04 13:58:21.647308
768|water|2|2024-08-04 13:58:21.647308
769|ghost|1|2024-08-04 13:58:21.647308
769|ground|2|2024-08-04 13:58:21.647308
770|ghost|1|2024-08-04 13:58:21.647308
770|ground|2|2024-08-04 13:58:21.647308
771|water|1|2024-08-04 13:58:21.647308
772|normal|1|2024-08-04 13:58:21.647308
773|normal|1|2024-08-04 13:58:21.647308
774|rock|1|2024-08-04 13:58:21.647308
774|flying|2|2024-08-04 13:58:21.647308
775|normal|1|2024-08-04 13:58:21.647308
776|fire|1|2024-08-04 13:58:21.647308
776|dragon|2|2024-08-04 13:58:21.647308
777|electric|1|2024-08-04 13:58:21.647308
777|steel|2|2024-08-04 13:58:21.647308
778|ghost|1|2024-08-04 13:58:21.647308
778|fairy|2|2024-08-04 13:58:21.647308
779|water|1|2024-08-04 13:58:21.647308
779|psychic|2|2024-08-04 13:58:21.647308
780|normal|1|2024-08-04 13:58:21.647308
780|dragon|2|2024-08-04 13:58:21.647308
781|ghost|1|2024-08-04 13:58:21.647308
781|grass|2|2024-08-04 13:58:21.647308
782|dragon|1|2024-08-04 13:58:21.647308
783|dragon|1|2024-08-04 13:58:21.647308
783|fighting|2|2024-08-04 13:58:21.647308
784|dragon|1|2024-08-04 13:58:21.647308
784|fighting|2|2024-08-04 13:58:21.647308
785|electric|1|2024-08-04 13:58:21.647308
785|fairy|2|2024-08-04 13:58:21.647308
786|psychic|1|2024-08-04 13:58:21.647308
786|fairy|2|2024-08-04 13:58:21.647308
787|grass|1|2024-08-04 13:58:21.647308
787|fairy|2|2024-08-04 13:58:21.647308
788|water|1|2024-08-04 13:58:21.647308
788|fairy|2|2024-08-04 13:58:21.647308
789|psychic|1|2024-08-04 13:58:21.647308
790|psychic|1|2024-08-04 13:58:21.647308
791|psychic|1|2024-08-04 13:58:21.647308
791|steel|2|2024-08-04 13:58:21.647308
792|psychic|1|2024-08-04 13:58:21.647308
792|ghost|2|2024-08-04 13:58:21.647308
793|rock|1|2024-08-04 13:58:21.647308
793|poison|2|2024-08-04 13:58:21.647308
794|bug|1|2024-08-04 13:58:21.647308
794|fighting|2|2024-08-04 13:58:21.647308
795|bug|1|2024-08-04 13:58:21.647308
795|fighting|2|2024-08-04 13:58:21.647308
796|electric|1|2024-08-04 13:58:21.647308
797|steel|1|2024-08-04 13:58:21.647308
797|flying|2|2024-08-04 13:58:21.647308
798|grass|1|2024-08-04 13:58:21.647308
798|steel|2|2024-08-04 13:58:21.647308
799|dark|1|2024-08-04 13:58:21.647308
799|dragon|2|2024-08-04 13:58:21.647308
800|psychic|1|2024-08-04 13:58:21.647308
801|steel|1|2024-08-04 13:58:21.647308
801|fairy|2|2024-08-04 13:58:21.647308
802|fighting|1|2024-08-04 13:58:21.647308
802|ghost|2|2024-08-04 13:58:21.647308
803|poison|1|2024-08-04 13:58:21.647308
804|poison|1|2024-08-04 13:58:21.647308
804|dragon|2|2024-08-04 13:58:21.647308
805|rock|1|2024-08-04 13:58:21.647308
805|steel|2|2024-08-04 13:58:21.647308
806|fire|1|2024-08-04 13:58:21.647308
806|ghost|2|2024-08-04 13:58:21.647308
807|electric|1|2024-08-04 13:58:21.647308
808|steel|1|2024-08-04 13:58:21.647308
809|steel|1|2024-08-04 13:58:21.647308
810|grass|1|2024-08-04 13:58:21.647308
811|grass|1|2024-08-04 13:58:21.647308
812|grass|1|2024-08-04 13:58:21.647308
813|fire|1|2024-08-04 13:58:21.647308
814|fire|1|2024-08-04 13:58:21.647308
815|fire|1|2024-08-04 13:58:21.647308
816|water|1|2024-08-04 13:58:21.647308
817|water|1|2024-08-04 13:58:21.647308
818|water|1|2024-08-04 13:58:21.647308
819|normal|1|2024-08-04 13:58:21.647308
820|normal|1|2024-08-04 13:58:21.647308
821|flying|1|2024-08-04 13:58:21.647308
822|flying|1|2024-08-04 13:58:21.647308
823|flying|1|2024-08-04 13:58:21.647308
823|steel|2|2024-08-04 13:58:21.647308
824|bug|1|2024-08-04 13:58:21.647308
825|bug|1|2024-08-04 13:58:21.647308
825|psychic|2|2024-08-04 13:58:21.647308
826|bug|1|2024-08-04 13:58:21.647308
826|psychic|2|2024-08-04 13:58:21.647308
827|dark|1|2024-08-04 13:58:21.647308
828|dark|1|2024-08-04 13:58:21.647308
829|grass|1|2024-08-04 13:58:21.647308
830|grass|1|2024-08-04 13:58:21.647308
831|normal|1|2024-08-04 13:58:21.647308
832|normal|1|2024-08-04 13:58:21.647308
833|water|1|2024-08-04 13:58:21.647308
834|water|1|2024-08-04 13:58:21.647308
834|rock|2|2024-08-04 13:58:21.647308
835|electric|1|2024-08-04 13:58:21.647308
836|electric|1|2024-08-04 13:58:21.647308
837|rock|1|2024-08-04 13:58:21.647308
838|rock|1|2024-08-04 13:58:21.647308
838|fire|2|2024-08-04 13:58:21.647308
839|rock|1|2024-08-04 13:58:21.647308
839|fire|2|2024-08-04 13:58:21.647308
840|grass|1|2024-08-04 13:58:21.647308
840|dragon|2|2024-08-04 13:58:21.647308
841|grass|1|2024-08-04 13:58:21.647308
841|dragon|2|2024-08-04 13:58:21.647308
842|grass|1|2024-08-04 13:58:21.647308
842|dragon|2|2024-08-04 13:58:21.647308
843|ground|1|2024-08-04 13:58:21.647308
844|ground|1|2024-08-04 13:58:21.647308
845|flying|1|2024-08-04 13:58:21.647308
845|water|2|2024-08-04 13:58:21.647308
846|water|1|2024-08-04 13:58:21.647308
847|water|1|2024-08-04 13:58:21.647308
848|electric|1|2024-08-04 13:58:21.647308
848|poison|2|2024-08-04 13:58:21.647308
849|electric|1|2024-08-04 13:58:21.647308
849|poison|2|2024-08-04 13:58:21.647308
850|fire|1|2024-08-04 13:58:21.647308
850|bug|2|2024-08-04 13:58:21.647308
851|fire|1|2024-08-04 13:58:21.647308
851|bug|2|2024-08-04 13:58:21.647308
852|fighting|1|2024-08-04 13:58:21.647308
853|fighting|1|2024-08-04 13:58:21.647308
854|ghost|1|2024-08-04 13:58:21.647308
855|ghost|1|2024-08-04 13:58:21.647308
856|psychic|1|2024-08-04 13:58:21.647308
857|psychic|1|2024-08-04 13:58:21.647308
858|psychic|1|2024-08-04 13:58:21.647308
858|fairy|2|2024-08-04 13:58:21.647308
859|dark|1|2024-08-04 13:58:21.647308
859|fairy|2|2024-08-04 13:58:21.647308
860|dark|1|2024-08-04 13:58:21.647308
860|fairy|2|2024-08-04 13:58:21.647308
861|dark|1|2024-08-04 13:58:21.647308
861|fairy|2|2024-08-04 13:58:21.647308
862|dark|1|2024-08-04 13:58:21.647308
862|normal|2|2024-08-04 13:58:21.647308
863|steel|1|2024-08-04 13:58:21.647308
864|ghost|1|2024-08-04 13:58:21.647308
865|fighting|1|2024-08-04 13:58:21.647308
866|ice|1|2024-08-04 13:58:21.647308
866|psychic|2|2024-08-04 13:58:21.647308
867|ground|1|2024-08-04 13:58:21.647308
867|ghost|2|2024-08-04 13:58:21.647308
868|fairy|1|2024-08-04 13:58:21.647308
869|fairy|1|2024-08-04 13:58:21.647308
870|fighting|1|2024-08-04 13:58:21.647308
871|electric|1|2024-08-04 13:58:21.647308
872|ice|1|2024-08-04 13:58:21.647308
872|bug|2|2024-08-04 13:58:21.647308
873|ice|1|2024-08-04 13:58:21.647308
873|bug|2|2024-08-04 13:58:21.647308
874|rock|1|2024-08-04 13:58:21.647308
875|ice|1|2024-08-04 13:58:21.647308
876|psychic|1|2024-08-04 13:58:21.647308
876|normal|2|2024-08-04 13:58:21.647308
877|electric|1|2024-08-04 13:58:21.647308
877|dark|2|2024-08-04 13:58:21.647308
878|steel|1|2024-08-04 13:58:21.647308
879|steel|1|2024-08-04 13:58:21.647308
880|electric|1|2024-08-04 13:58:21.647308
880|dragon|2|2024-08-04 13:58:21.647308
881|electric|1|2024-08-04 13:58:21.647308
881|ice|2|2024-08-04 13:58:21.647308
882|water|1|2024-08-04 13:58:21.647308
882|dragon|2|2024-08-04 13:58:21.647308
883|water|1|2024-08-04 13:58:21.647308
883|ice|2|2024-08-04 13:58:21.647308
884|steel|1|2024-08-04 13:58:21.647308
884|dragon|2|2024-08-04 13:58:21.647308
885|dragon|1|2024-08-04 13:58:21.647308
885|ghost|2|2024-08-04 13:58:21.647308
886|dragon|1|2024-08-04 13:58:21.647308
886|ghost|2|2024-08-04 13:58:21.647308
887|dragon|1|2024-08-04 13:58:21.647308
887|ghost|2|2024-08-04 13:58:21.647308
888|fairy|1|2024-08-04 13:58:21.647308
889|fighting|1|2024-08-04 13:58:21.647308
890|poison|1|2024-08-04 13:58:21.647308
890|dragon|2|2024-08-04 13:58:21.647308
891|fighting|1|2024-08-04 13:58:21.647308
892|fighting|1|2024-08-04 13:58:21.647308
892|dark|2|2024-08-04 13:58:21.647308
893|dark|1|2024-08-04 13:58:21.647308
893|grass|2|2024-08-04 13:58:21.647308
894|electric|1|2024-08-04 13:58:21.647308
895|dragon|1|2024-08-04 13:58:21.647308
896|ice|1|2024-08-04 13:58:21.647308
897|ghost|1|2024-08-04 13:58:21.647308
898|psychic|1|2024-08-04 13:58:21.647308
898|grass|2|2024-08-04 13:58:21.647308
899|normal|1|2024-08-04 13:58:21.647308
899|psychic|2|2024-08-04 13:58:21.647308
900|bug|1|2024-08-04 13:58:21.647308
900|rock|2|2024-08-04 13:58:21.647308
901|ground|1|2024-08-04 13:58:21.647308
901|normal|2|2024-08-04 13:58:21.647308
902|water|1|2024-08-04 13:58:21.647308
902|ghost|2|2024-08-04 13:58:21.647308
903|fighting|1|2024-08-04 13:58:21.647308
903|poison|2|2024-08-04 13:58:21.647308
904|dark|1|2024-08-04 13:58:21.647308
904|poison|2|2024-08-04 13:58:21.647308
905|fairy|1|2024-08-04 13:58:21.647308
905|flying|2|2024-08-04 13:58:21.647308
906|grass|1|2024-08-04 13:58:21.647308
907|grass|1|2024-08-04 13:58:21.647308
908|grass|1|2024-08-04 13:58:21.647308
908|dark|2|2024-08-04 13:58:21.647308
909|fire|1|2024-08-04 13:58:21.647308
910|fire|1|2024-08-04 13:58:21.647308
911|fire|1|2024-08-04 13:58:21.647308
911|ghost|2|2024-08-04 13:58:21.647308
912|water|1|2024-08-04 13:58:21.647308
913|water|1|2024-08-04 13:58:21.647308
914|water|1|2024-08-04 13:58:21.647308
914|fighting|2|2024-08-04 13:58:21.647308
915|normal|1|2024-08-04 13:58:21.647308
916|normal|1|2024-08-04 13:58:21.647308
917|bug|1|2024-08-04 13:58:21.647308
918|bug|1|2024-08-04 13:58:21.647308
919|bug|1|2024-08-04 13:58:21.647308
920|bug|1|2024-08-04 13:58:21.647308
920|dark|2|2024-08-04 13:58:21.647308
921|electric|1|2024-08-04 13:58:21.647308
922|electric|1|2024-08-04 13:58:21.647308
922|fighting|2|2024-08-04 13:58:21.647308
923|electric|1|2024-08-04 13:58:21.647308
923|fighting|2|2024-08-04 13:58:21.647308
924|normal|1|2024-08-04 13:58:21.647308
925|normal|1|2024-08-04 13:58:21.647308
926|fairy|1|2024-08-04 13:58:21.647308
927|fairy|1|2024-08-04 13:58:21.647308
928|grass|1|2024-08-04 13:58:21.647308
928|normal|2|2024-08-04 13:58:21.647308
929|grass|1|2024-08-04 13:58:21.647308
929|normal|2|2024-08-04 13:58:21.647308
930|grass|1|2024-08-04 13:58:21.647308
930|normal|2|2024-08-04 13:58:21.647308
931|normal|1|2024-08-04 13:58:21.647308
931|flying|2|2024-08-04 13:58:21.647308
932|rock|1|2024-08-04 13:58:21.647308
933|rock|1|2024-08-04 13:58:21.647308
934|rock|1|2024-08-04 13:58:21.647308
935|fire|1|2024-08-04 13:58:21.647308
936|fire|1|2024-08-04 13:58:21.647308
936|psychic|2|2024-08-04 13:58:21.647308
937|fire|1|2024-08-04 13:58:21.647308
937|ghost|2|2024-08-04 13:58:21.647308
938|electric|1|2024-08-04 13:58:21.647308
939|electric|1|2024-08-04 13:58:21.647308
940|electric|1|2024-08-04 13:58:21.647308
940|flying|2|2024-08-04 13:58:21.647308
941|electric|1|2024-08-04 13:58:21.647308
941|flying|2|2024-08-04 13:58:21.647308
942|dark|1|2024-08-04 13:58:21.647308
943|dark|1|2024-08-04 13:58:21.647308
944|poison|1|2024-08-04 13:58:21.647308
944|normal|2|2024-08-04 13:58:21.647308
945|poison|1|2024-08-04 13:58:21.647308
945|normal|2|2024-08-04 13:58:21.647308
946|grass|1|2024-08-04 13:58:21.647308
946|ghost|2|2024-08-04 13:58:21.647308
947|grass|1|2024-08-04 13:58:21.647308
947|ghost|2|2024-08-04 13:58:21.647308
948|ground|1|2024-08-04 13:58:21.647308
948|grass|2|2024-08-04 13:58:21.647308
949|ground|1|2024-08-04 13:58:21.647308
949|grass|2|2024-08-04 13:58:21.647308
950|rock|1|2024-08-04 13:58:21.647308
951|grass|1|2024-08-04 13:58:21.647308
952|grass|1|2024-08-04 13:58:21.647308
952|fire|2|2024-08-04 13:58:21.647308
953|bug|1|2024-08-04 13:58:21.647308
954|bug|1|2024-08-04 13:58:21.647308
954|psychic|2|2024-08-04 13:58:21.647308
955|psychic|1|2024-08-04 13:58:21.647308
956|psychic|1|2024-08-04 13:58:21.647308
957|fairy|1|2024-08-04 13:58:21.647308
957|steel|2|2024-08-04 13:58:21.647308
958|fairy|1|2024-08-04 13:58:21.647308
958|steel|2|2024-08-04 13:58:21.647308
959|fairy|1|2024-08-04 13:58:21.647308
959|steel|2|2024-08-04 13:58:21.647308
960|water|1|2024-08-04 13:58:21.647308
961|water|1|2024-08-04 13:58:21.647308
962|flying|1|2024-08-04 13:58:21.647308
962|dark|2|2024-08-04 13:58:21.647308
963|water|1|2024-08-04 13:58:21.647308
964|water|1|2024-08-04 13:58:21.647308
965|steel|1|2024-08-04 13:58:21.647308
965|poison|2|2024-08-04 13:58:21.647308
966|steel|1|2024-08-04 13:58:21.647308
966|poison|2|2024-08-04 13:58:21.647308
967|dragon|1|2024-08-04 13:58:21.647308
967|normal|2|2024-08-04 13:58:21.647308
968|steel|1|2024-08-04 13:58:21.647308
969|rock|1|2024-08-04 13:58:21.647308
969|poison|2|2024-08-04 13:58:21.647308
970|rock|1|2024-08-04 13:58:21.647308
970|poison|2|2024-08-04 13:58:21.647308
971|ghost|1|2024-08-04 13:58:21.647308
972|ghost|1|2024-08-04 13:58:21.647308
973|flying|1|2024-08-04 13:58:21.647308
973|fighting|2|2024-08-04 13:58:21.647308
974|ice|1|2024-08-04 13:58:21.647308
975|ice|1|2024-08-04 13:58:21.647308
976|water|1|2024-08-04 13:58:21.647308
976|psychic|2|2024-08-04 13:58:21.647308
977|water|1|2024-08-04 13:58:21.647308
978|dragon|1|2024-08-04 13:58:21.647308
978|water|2|2024-08-04 13:58:21.647308
979|fighting|1|2024-08-04 13:58:21.647308
979|ghost|2|2024-08-04 13:58:21.647308
980|poison|1|2024-08-04 13:58:21.647308
980|ground|2|2024-08-04 13:58:21.647308
981|normal|1|2024-08-04 13:58:21.647308
981|psychic|2|2024-08-04 13:58:21.647308
982|normal|1|2024-08-04 13:58:21.647308
983|dark|1|2024-08-04 13:58:21.647308
983|steel|2|2024-08-04 13:58:21.647308
984|ground|1|2024-08-04 13:58:21.647308
984|fighting|2|2024-08-04 13:58:21.647308
985|fairy|1|2024-08-04 13:58:21.647308
985|psychic|2|2024-08-04 13:58:21.647308
986|grass|1|2024-08-04 13:58:21.647308
986|dark|2|2024-08-04 13:58:21.647308
987|ghost|1|2024-08-04 13:58:21.647308
987|fairy|2|2024-08-04 13:58:21.647308
988|bug|1|2024-08-04 13:58:21.647308
988|fighting|2|2024-08-04 13:58:21.647308
989|electric|1|2024-08-04 13:58:21.647308
989|ground|2|2024-08-04 13:58:21.647308
990|ground|1|2024-08-04 13:58:21.647308
990|steel|2|2024-08-04 13:58:21.647308
991|ice|1|2024-08-04 13:58:21.647308
991|water|2|2024-08-04 13:58:21.647308
992|fighting|1|2024-08-04 13:58:21.647308
992|electric|2|2024-08-04 13:58:21.647308
993|dark|1|2024-08-04 13:58:21.647308
993|flying|2|2024-08-04 13:58:21.647308
994|fire|1|2024-08-04 13:58:21.647308
994|poison|2|2024-08-04 13:58:21.647308
995|rock|1|2024-08-04 13:58:21.647308
995|electric|2|2024-08-04 13:58:21.647308
996|dragon|1|2024-08-04 13:58:21.647308
996|ice|2|2024-08-04 13:58:21.647308
997|dragon|1|2024-08-04 13:58:21.647308
997|ice|2|2024-08-04 13:58:21.647308
998|dragon|1|2024-08-04 13:58:21.647308
998|ice|2|2024-08-04 13:58:21.647308
999|ghost|1|2024-08-04 13:58:21.647308
1000|steel|1|2024-08-04 13:58:21.647308
1000|ghost|2|2024-08-04 13:58:21.647308
1001|dark|1|2024-08-04 13:58:21.647308
1001|grass|2|2024-08-04 13:58:21.647308
1002|dark|1|2024-08-04 13:58:21.647308
1002|ice|2|2024-08-04 13:58:21.647308
1003|dark|1|2024-08-04 13:58:21.647308
1003|ground|2|2024-08-04 13:58:21.647308
1004|dark|1|2024-08-04 13:58:21.647308
1004|fire|2|2024-08-04 13:58:21.647308
1005|dragon|1|2024-08-04 13:58:21.647308
1005|dark|2|2024-08-04 13:58:21.647308
1006|fairy|1|2024-08-04 13:58:21.647308
1006|fighting|2|2024-08-04 13:58:21.647308
1007|fighting|1|2024-08-04 13:58:21.647308
1007|dragon|2|2024-08-04 13:58:21.647308
1008|electric|1|2024-08-04 13:58:21.647308
1008|dragon|2|2024-08-04 13:58:21.647308
1009|water|1|2024-08-04 13:58:21.647308
1009|dragon|2|2024-08-04 13:58:21.647308
1010|grass|1|2024-08-04 13:58:21.647308
1010|psychic|2|2024-08-04 13:58:21.647308
1011|grass|1|2024-08-04 13:58:21.647308
1011|dragon|2|2024-08-04 13:58:21.647308
1012|grass|1|2024-08-04 13:58:21.647308
1012|ghost|2|2024-08-04 13:58:21.647308
1013|grass|1|2024-08-04 13:58:21.647308
1013|ghost|2|2024-08-04 13:58:21.647308
1014|poison|1|2024-08-04 13:58:21.647308
1014|fighting|2|2024-08-04 13:58:21.647308
1015|poison|1|2024-08-04 13:58:21.647308
1015|psychic|2|2024-08-04 13:58:21.647308
1016|poison|1|2024-08-04 13:58:21.647308
1016|fairy|2|2024-08-04 13:58:21.647308
1017|grass|1|2024-08-04 13:58:21.647308
1018|steel|1|2024-08-04 13:58:21.647308
1018|dragon|2|2024-08-04 13:58:21.647308
1019|grass|1|2024-08-04 13:58:21.647308
1019|dragon|2|2024-08-04 13:58:21.647308
1020|fire|1|2024-08-04 13:58:21.647308
1020|dragon|2|2024-08-04 13:58:21.647308
1021|electric|1|2024-08-04 13:58:21.647308
1021|dragon|2|2024-08-04 13:58:21.647308
1022|rock|1|2024-08-04 13:58:21.647308
1022|psychic|2|2024-08-04 13:58:21.647308
1023|steel|1|2024-08-04 13:58:21.647308
1023|psychic|2|2024-08-04 13:58:21.647308
1024|normal|1|2024-08-04 13:58:21.647308
1025|poison|1|2024-08-04 13:58:21.647308
1025|ghost|2|2024-08-04 13:58:21.647308
10001|psychic|1|2024-08-04 13:58:21.647308
10002|psychic|1|2024-08-04 13:58:21.647308
10003|psychic|1|2024-08-04 13:58:21.647308
10004|bug|1|2024-08-04 13:58:21.647308
10004|ground|2|2024-08-04 13:58:21.647308
10005|bug|1|2024-08-04 13:58:21.647308
10005|steel|2|2024-08-04 13:58:21.647308
10006|grass|1|2024-08-04 13:58:21.647308
10006|flying|2|2024-08-04 13:58:21.647308
10007|ghost|1|2024-08-04 13:58:21.647308
10007|dragon|2|2024-08-04 13:58:21.647308
10008|electric|1|2024-08-04 13:58:21.647308
10008|fire|2|2024-08-04 13:58:21.647308
10009|electric|1|2024-08-04 13:58:21.647308
10009|water|2|2024-08-04 13:58:21.647308
10010|electric|1|2024-08-04 13:58:21.647308
10010|ice|2|2024-08-04 13:58:21.647308
10011|electric|1|2024-08-04 13:58:21.647308
10011|flying|2|2024-08-04 13:58:21.647308
10012|electric|1|2024-08-04 13:58:21.647308
10012|grass|2|2024-08-04 13:58:21.647308
10013|fire|1|2024-08-04 13:58:21.647308
10014|water|1|2024-08-04 13:58:21.647308
10015|ice|1|2024-08-04 13:58:21.647308
10016|water|1|2024-08-04 13:58:21.647308
10017|fire|1|2024-08-04 13:58:21.647308
10017|psychic|2|2024-08-04 13:58:21.647308
10018|normal|1|2024-08-04 13:58:21.647308
10018|fighting|2|2024-08-04 13:58:21.647308
10019|flying|1|2024-08-04 13:58:21.647308
10020|electric|1|2024-08-04 13:58:21.647308
10020|flying|2|2024-08-04 13:58:21.647308
10021|ground|1|2024-08-04 13:58:21.647308
10021|flying|2|2024-08-04 13:58:21.647308
10022|dragon|1|2024-08-04 13:58:21.647308
10022|ice|2|2024-08-04 13:58:21.647308
10023|dragon|1|2024-08-04 13:58:21.647308
10023|ice|2|2024-08-04 13:58:21.647308
10024|water|1|2024-08-04 13:58:21.647308
10024|fighting|2|2024-08-04 13:58:21.647308
10025|psychic|1|2024-08-04 13:58:21.647308
10026|steel|1|2024-08-04 13:58:21.647308
10026|ghost|2|2024-08-04 13:58:21.647308
10027|ghost|1|2024-08-04 13:58:21.647308
10027|grass|2|2024-08-04 13:58:21.647308
10028|ghost|1|2024-08-04 13:58:21.647308
10028|grass|2|2024-08-04 13:58:21.647308
10029|ghost|1|2024-08-04 13:58:21.647308
10029|grass|2|2024-08-04 13:58:21.647308
10030|ghost|1|2024-08-04 13:58:21.647308
10030|grass|2|2024-08-04 13:58:21.647308
10031|ghost|1|2024-08-04 13:58:21.647308
10031|grass|2|2024-08-04 13:58:21.647308
10032|ghost|1|2024-08-04 13:58:21.647308
10032|grass|2|2024-08-04 13:58:21.647308
10033|grass|1|2024-08-04 13:58:21.647308
10033|poison|2|2024-08-04 13:58:21.647308
10034|fire|1|2024-08-04 13:58:21.647308
10034|dragon|2|2024-08-04 13:58:21.647308
10035|fire|1|2024-08-04 13:58:21.647308
10035|flying|2|2024-08-04 13:58:21.647308
10036|water|1|2024-08-04 13:58:21.647308
10037|psychic|1|2024-08-04 13:58:21.647308
10038|ghost|1|2024-08-04 13:58:21.647308
10038|poison|2|2024-08-04 13:58:21.647308
10039|normal|1|2024-08-04 13:58:21.647308
10040|bug|1|2024-08-04 13:58:21.647308
10040|flying|2|2024-08-04 13:58:21.647308
10041|water|1|2024-08-04 13:58:21.647308
10041|dark|2|2024-08-04 13:58:21.647308
10042|rock|1|2024-08-04 13:58:21.647308
10042|flying|2|2024-08-04 13:58:21.647308
10043|psychic|1|2024-08-04 13:58:21.647308
10043|fighting|2|2024-08-04 13:58:21.647308
10044|psychic|1|2024-08-04 13:58:21.647308
10045|electric|1|2024-08-04 13:58:21.647308
10045|dragon|2|2024-08-04 13:58:21.647308
10046|bug|1|2024-08-04 13:58:21.647308
10046|steel|2|2024-08-04 13:58:21.647308
10047|bug|1|2024-08-04 13:58:21.647308
10047|fighting|2|2024-08-04 13:58:21.647308
10048|dark|1|2024-08-04 13:58:21.647308
10048|fire|2|2024-08-04 13:58:21.647308
10049|rock|1|2024-08-04 13:58:21.647308
10049|dark|2|2024-08-04 13:58:21.647308
10050|fire|1|2024-08-04 13:58:21.647308
10050|fighting|2|2024-08-04 13:58:21.647308
10051|psychic|1|2024-08-04 13:58:21.647308
10051|fairy|2|2024-08-04 13:58:21.647308
10052|steel|1|2024-08-04 13:58:21.647308
10052|fairy|2|2024-08-04 13:58:21.647308
10053|steel|1|2024-08-04 13:58:21.647308
10054|fighting|1|2024-08-04 13:58:21.647308
10054|psychic|2|2024-08-04 13:58:21.647308
10055|electric|1|2024-08-04 13:58:21.647308
10056|ghost|1|2024-08-04 13:58:21.647308
10057|dark|1|2024-08-04 13:58:21.647308
10058|dragon|1|2024-08-04 13:58:21.647308
10058|ground|2|2024-08-04 13:58:21.647308
10059|fighting|1|2024-08-04 13:58:21.647308
10059|steel|2|2024-08-04 13:58:21.647308
10060|grass|1|2024-08-04 13:58:21.647308
10060|ice|2|2024-08-04 13:58:21.647308
10061|fairy|1|2024-08-04 13:58:21.647308
10062|dragon|1|2024-08-04 13:58:21.647308
10062|psychic|2|2024-08-04 13:58:21.647308
10063|dragon|1|2024-08-04 13:58:21.647308
10063|psychic|2|2024-08-04 13:58:21.647308
10064|water|1|2024-08-04 13:58:21.647308
10064|ground|2|2024-08-04 13:58:21.647308
10065|grass|1|2024-08-04 13:58:21.647308
10065|dragon|2|2024-08-04 13:58:21.647308
10066|dark|1|2024-08-04 13:58:21.647308
10066|ghost|2|2024-08-04 13:58:21.647308
10067|dragon|1|2024-08-04 13:58:21.647308
10067|fairy|2|2024-08-04 13:58:21.647308
10068|psychic|1|2024-08-04 13:58:21.647308
10068|fighting|2|2024-08-04 13:58:21.647308
10069|normal|1|2024-08-04 13:58:21.647308
10069|fairy|2|2024-08-04 13:58:21.647308
10070|water|1|2024-08-04 13:58:21.647308
10070|dark|2|2024-08-04 13:58:21.647308
10071|water|1|2024-08-04 13:58:21.647308
10071|psychic|2|2024-08-04 13:58:21.647308
10072|steel|1|2024-08-04 13:58:21.647308
10072|ground|2|2024-08-04 13:58:21.647308
10073|normal|1|2024-08-04 13:58:21.647308
10073|flying|2|2024-08-04 13:58:21.647308
10074|ice|1|2024-08-04 13:58:21.647308
10075|rock|1|2024-08-04 13:58:21.647308
10075|fairy|2|2024-08-04 13:58:21.647308
10076|steel|1|2024-08-04 13:58:21.647308
10076|psychic|2|2024-08-04 13:58:21.647308
10077|water|1|2024-08-04 13:58:21.647308
10078|ground|1|2024-08-04 13:58:21.647308
10078|fire|2|2024-08-04 13:58:21.647308
10079|dragon|1|2024-08-04 13:58:21.647308
10079|flying|2|2024-08-04 13:58:21.647308
10080|electric|1|2024-08-04 13:58:21.647308
10081|electric|1|2024-08-04 13:58:21.647308
10082|electric|1|2024-08-04 13:58:21.647308
10083|electric|1|2024-08-04 13:58:21.647308
10084|electric|1|2024-08-04 13:58:21.647308
10085|electric|1|2024-08-04 13:58:21.647308
10086|psychic|1|2024-08-04 13:58:21.647308
10086|dark|2|2024-08-04 13:58:21.647308
10087|fire|1|2024-08-04 13:58:21.647308
10087|ground|2|2024-08-04 13:58:21.647308
10088|normal|1|2024-08-04 13:58:21.647308
10088|fighting|2|2024-08-04 13:58:21.647308
10089|dragon|1|2024-08-04 13:58:21.647308
10089|flying|2|2024-08-04 13:58:21.647308
10090|bug|1|2024-08-04 13:58:21.647308
10090|poison|2|2024-08-04 13:58:21.647308
10091|dark|1|2024-08-04 13:58:21.647308
10091|normal|2|2024-08-04 13:58:21.647308
10092|dark|1|2024-08-04 13:58:21.647308
10092|normal|2|2024-08-04 13:58:21.647308
10093|dark|1|2024-08-04 13:58:21.647308
10093|normal|2|2024-08-04 13:58:21.647308
10094|electric|1|2024-08-04 13:58:21.647308
10095|electric|1|2024-08-04 13:58:21.647308
10096|electric|1|2024-08-04 13:58:21.647308
10097|electric|1|2024-08-04 13:58:21.647308
10098|electric|1|2024-08-04 13:58:21.647308
10099|electric|1|2024-08-04 13:58:21.647308
10100|electric|1|2024-08-04 13:58:21.647308
10100|psychic|2|2024-08-04 13:58:21.647308
10101|ice|1|2024-08-04 13:58:21.647308
10101|steel|2|2024-08-04 13:58:21.647308
10102|ice|1|2024-08-04 13:58:21.647308
10102|steel|2|2024-08-04 13:58:21.647308
10103|ice|1|2024-08-04 13:58:21.647308
10104|ice|1|2024-08-04 13:58:21.647308
10104|fairy|2|2024-08-04 13:58:21.647308
10105|ground|1|2024-08-04 13:58:21.647308
10105|steel|2|2024-08-04 13:58:21.647308
10106|ground|1|2024-08-04 13:58:21.647308
10106|steel|2|2024-08-04 13:58:21.647308
10107|dark|1|2024-08-04 13:58:21.647308
10108|dark|1|2024-08-04 13:58:21.647308
10109|rock|1|2024-08-04 13:58:21.647308
10109|electric|2|2024-08-04 13:58:21.647308
10110|rock|1|2024-08-04 13:58:21.647308
10110|electric|2|2024-08-04 13:58:21.647308
10111|rock|1|2024-08-04 13:58:21.647308
10111|electric|2|2024-08-04 13:58:21.647308
10112|poison|1|2024-08-04 13:58:21.647308
10112|dark|2|2024-08-04 13:58:21.647308
10113|poison|1|2024-08-04 13:58:21.647308
10113|dark|2|2024-08-04 13:58:21.647308
10114|grass|1|2024-08-04 13:58:21.647308
10114|dragon|2|2024-08-04 13:58:21.647308
10115|fire|1|2024-08-04 13:58:21.647308
10115|ghost|2|2024-08-04 13:58:21.647308
10116|water|1|2024-08-04 13:58:21.647308
10116|dark|2|2024-08-04 13:58:21.647308
10117|water|1|2024-08-04 13:58:21.647308
10117|dark|2|2024-08-04 13:58:21.647308
10118|dragon|1|2024-08-04 13:58:21.647308
10118|ground|2|2024-08-04 13:58:21.647308
10119|dragon|1|2024-08-04 13:58:21.647308
10119|ground|2|2024-08-04 13:58:21.647308
10120|dragon|1|2024-08-04 13:58:21.647308
10120|ground|2|2024-08-04 13:58:21.647308
10121|normal|1|2024-08-04 13:58:21.647308
10122|bug|1|2024-08-04 13:58:21.647308
10122|electric|2|2024-08-04 13:58:21.647308
10123|electric|1|2024-08-04 13:58:21.647308
10123|flying|2|2024-08-04 13:58:21.647308
10124|psychic|1|2024-08-04 13:58:21.647308
10124|flying|2|2024-08-04 13:58:21.647308
10125|ghost|1|2024-08-04 13:58:21.647308
10125|flying|2|2024-08-04 13:58:21.647308
10126|rock|1|2024-08-04 13:58:21.647308
10127|water|1|2024-08-04 13:58:21.647308
10128|grass|1|2024-08-04 13:58:21.647308
10129|poison|1|2024-08-04 13:58:21.647308
10129|fire|2|2024-08-04 13:58:21.647308
10130|rock|1|2024-08-04 13:58:21.647308
10130|flying|2|2024-08-04 13:58:21.647308
10131|rock|1|2024-08-04 13:58:21.647308
10131|flying|2|2024-08-04 13:58:21.647308
10132|rock|1|2024-08-04 13:58:21.647308
10132|flying|2|2024-08-04 13:58:21.647308
10133|rock|1|2024-08-04 13:58:21.647308
10133|flying|2|2024-08-04 13:58:21.647308
10134|rock|1|2024-08-04 13:58:21.647308
10134|flying|2|2024-08-04 13:58:21.647308
10135|rock|1|2024-08-04 13:58:21.647308
10135|flying|2|2024-08-04 13:58:21.647308
10136|rock|1|2024-08-04 13:58:21.647308
10136|flying|2|2024-08-04 13:58:21.647308
10137|rock|1|2024-08-04 13:58:21.647308
10137|flying|2|2024-08-04 13:58:21.647308
10138|rock|1|2024-08-04 13:58:21.647308
10138|flying|2|2024-08-04 13:58:21.647308
10139|rock|1|2024-08-04 13:58:21.647308
10139|flying|2|2024-08-04 13:58:21.647308
10140|rock|1|2024-08-04 13:58:21.647308
10140|flying|2|2024-08-04 13:58:21.647308
10141|rock|1|2024-08-04 13:58:21.647308
10141|flying|2|2024-08-04 13:58:21.647308
10142|rock|1|2024-08-04 13:58:21.647308
10142|flying|2|2024-08-04 13:58:21.647308
10143|ghost|1|2024-08-04 13:58:21.647308
10143|fairy|2|2024-08-04 13:58:21.647308
10144|ghost|1|2024-08-04 13:58:21.647308
10144|fairy|2|2024-08-04 13:58:21.647308
10145|ghost|1|2024-08-04 13:58:21.647308
10145|fairy|2|2024-08-04 13:58:21.647308
10146|dragon|1|2024-08-04 13:58:21.647308
10146|fighting|2|2024-08-04 13:58:21.647308
10147|steel|1|2024-08-04 13:58:21.647308
10147|fairy|2|2024-08-04 13:58:21.647308
10148|electric|1|2024-08-04 13:58:21.647308
10149|fire|1|2024-08-04 13:58:21.647308
10149|ghost|2|2024-08-04 13:58:21.647308
10150|bug|1|2024-08-04 13:58:21.647308
10150|fairy|2|2024-08-04 13:58:21.647308
10151|rock|1|2024-08-04 13:58:21.647308
10152|rock|1|2024-08-04 13:58:21.647308
10153|water|1|2024-08-04 13:58:21.647308
10153|bug|2|2024-08-04 13:58:21.647308
10154|electric|1|2024-08-04 13:58:21.647308
10154|steel|2|2024-08-04 13:58:21.647308
10155|psychic|1|2024-08-04 13:58:21.647308
10155|steel|2|2024-08-04 13:58:21.647308
10156|psychic|1|2024-08-04 13:58:21.647308
10156|ghost|2|2024-08-04 13:58:21.647308
10157|psychic|1|2024-08-04 13:58:21.647308
10157|dragon|2|2024-08-04 13:58:21.647308
10158|electric|1|2024-08-04 13:58:21.647308
10159|normal|1|2024-08-04 13:58:21.647308
10160|electric|1|2024-08-04 13:58:21.647308
10161|steel|1|2024-08-04 13:58:21.647308
10162|psychic|1|2024-08-04 13:58:21.647308
10163|psychic|1|2024-08-04 13:58:21.647308
10163|fairy|2|2024-08-04 13:58:21.647308
10164|psychic|1|2024-08-04 13:58:21.647308
10165|poison|1|2024-08-04 13:58:21.647308
10165|psychic|2|2024-08-04 13:58:21.647308
10166|fighting|1|2024-08-04 13:58:21.647308
10167|poison|1|2024-08-04 13:58:21.647308
10167|fairy|2|2024-08-04 13:58:21.647308
10168|ice|1|2024-08-04 13:58:21.647308
10168|psychic|2|2024-08-04 13:58:21.647308
10169|psychic|1|2024-08-04 13:58:21.647308
10169|flying|2|2024-08-04 13:58:21.647308
10170|fighting|1|2024-08-04 13:58:21.647308
10170|flying|2|2024-08-04 13:58:21.647308
10171|dark|1|2024-08-04 13:58:21.647308
10171|flying|2|2024-08-04 13:58:21.647308
10172|poison|1|2024-08-04 13:58:21.647308
10172|psychic|2|2024-08-04 13:58:21.647308
10173|ghost|1|2024-08-04 13:58:21.647308
10174|dark|1|2024-08-04 13:58:21.647308
10174|normal|2|2024-08-04 13:58:21.647308
10175|dark|1|2024-08-04 13:58:21.647308
10175|normal|2|2024-08-04 13:58:21.647308
10176|ice|1|2024-08-04 13:58:21.647308
10177|ice|1|2024-08-04 13:58:21.647308
10178|ice|1|2024-08-04 13:58:21.647308
10178|fire|2|2024-08-04 13:58:21.647308
10179|ground|1|2024-08-04 13:58:21.647308
10179|ghost|2|2024-08-04 13:58:21.647308
10180|ground|1|2024-08-04 13:58:21.647308
10180|steel|2|2024-08-04 13:58:21.647308
10181|dragon|1|2024-08-04 13:58:21.647308
10181|ground|2|2024-08-04 13:58:21.647308
10182|flying|1|2024-08-04 13:58:21.647308
10182|water|2|2024-08-04 13:58:21.647308
10183|flying|1|2024-08-04 13:58:21.647308
10183|water|2|2024-08-04 13:58:21.647308
10184|electric|1|2024-08-04 13:58:21.647308
10184|poison|2|2024-08-04 13:58:21.647308
10185|ice|1|2024-08-04 13:58:21.647308
10186|psychic|1|2024-08-04 13:58:21.647308
10186|normal|2|2024-08-04 13:58:21.647308
10187|electric|1|2024-08-04 13:58:21.647308
10187|dark|2|2024-08-04 13:58:21.647308
10188|fairy|1|2024-08-04 13:58:21.647308
10188|steel|2|2024-08-04 13:58:21.647308
10189|fighting|1|2024-08-04 13:58:21.647308
10189|steel|2|2024-08-04 13:58:21.647308
10190|poison|1|2024-08-04 13:58:21.647308
10190|dragon|2|2024-08-04 13:58:21.647308
10191|fighting|1|2024-08-04 13:58:21.647308
10191|water|2|2024-08-04 13:58:21.647308
10192|dark|1|2024-08-04 13:58:21.647308
10192|grass|2|2024-08-04 13:58:21.647308
10193|psychic|1|2024-08-04 13:58:21.647308
10193|ice|2|2024-08-04 13:58:21.647308
10194|psychic|1|2024-08-04 13:58:21.647308
10194|ghost|2|2024-08-04 13:58:21.647308
10195|grass|1|2024-08-04 13:58:21.647308
10195|poison|2|2024-08-04 13:58:21.647308
10196|fire|1|2024-08-04 13:58:21.647308
10196|flying|2|2024-08-04 13:58:21.647308
10197|water|1|2024-08-04 13:58:21.647308
10198|bug|1|2024-08-04 13:58:21.647308
10198|flying|2|2024-08-04 13:58:21.647308
10199|electric|1|2024-08-04 13:58:21.647308
10200|normal|1|2024-08-04 13:58:21.647308
10201|fighting|1|2024-08-04 13:58:21.647308
10202|ghost|1|2024-08-04 13:58:21.647308
10202|poison|2|2024-08-04 13:58:21.647308
10203|water|1|2024-08-04 13:58:21.647308
10204|water|1|2024-08-04 13:58:21.647308
10204|ice|2|2024-08-04 13:58:21.647308
10205|normal|1|2024-08-04 13:58:21.647308
10206|normal|1|2024-08-04 13:58:21.647308
10207|poison|1|2024-08-04 13:58:21.647308
10208|steel|1|2024-08-04 13:58:21.647308
10209|grass|1|2024-08-04 13:58:21.647308
10210|fire|1|2024-08-04 13:58:21.647308
10211|water|1|2024-08-04 13:58:21.647308
10212|flying|1|2024-08-04 13:58:21.647308
10212|steel|2|2024-08-04 13:58:21.647308
10213|bug|1|2024-08-04 13:58:21.647308
10213|psychic|2|2024-08-04 13:58:21.647308
10214|water|1|2024-08-04 13:58:21.647308
10214|rock|2|2024-08-04 13:58:21.647308
10215|rock|1|2024-08-04 13:58:21.647308
10215|fire|2|2024-08-04 13:58:21.647308
10216|grass|1|2024-08-04 13:58:21.647308
10216|dragon|2|2024-08-04 13:58:21.647308
10217|grass|1|2024-08-04 13:58:21.647308
10217|dragon|2|2024-08-04 13:58:21.647308
10218|ground|1|2024-08-04 13:58:21.647308
10219|electric|1|2024-08-04 13:58:21.647308
10219|poison|2|2024-08-04 13:58:21.647308
10220|fire|1|2024-08-04 13:58:21.647308
10220|bug|2|2024-08-04 13:58:21.647308
10221|psychic|1|2024-08-04 13:58:21.647308
10221|fairy|2|2024-08-04 13:58:21.647308
10222|dark|1|2024-08-04 13:58:21.647308
10222|fairy|2|2024-08-04 13:58:21.647308
10223|fairy|1|2024-08-04 13:58:21.647308
10224|steel|1|2024-08-04 13:58:21.647308
10225|steel|1|2024-08-04 13:58:21.647308
10225|dragon|2|2024-08-04 13:58:21.647308
10226|fighting|1|2024-08-04 13:58:21.647308
10226|dark|2|2024-08-04 13:58:21.647308
10227|fighting|1|2024-08-04 13:58:21.647308
10227|water|2|2024-08-04 13:58:21.647308
10228|electric|1|2024-08-04 13:58:21.647308
10228|poison|2|2024-08-04 13:58:21.647308
10229|fire|1|2024-08-04 13:58:21.647308
10229|rock|2|2024-08-04 13:58:21.647308
10230|fire|1|2024-08-04 13:58:21.647308
10230|rock|2|2024-08-04 13:58:21.647308
10231|electric|1|2024-08-04 13:58:21.647308
10231|grass|2|2024-08-04 13:58:21.647308
10232|electric|1|2024-08-04 13:58:21.647308
10232|grass|2|2024-08-04 13:58:21.647308
10233|fire|1|2024-08-04 13:58:21.647308
10233|ghost|2|2024-08-04 13:58:21.647308
10234|dark|1|2024-08-04 13:58:21.647308
10234|poison|2|2024-08-04 13:58:21.647308
10235|fighting|1|2024-08-04 13:58:21.647308
10235|poison|2|2024-08-04 13:58:21.647308
10236|water|1|2024-08-04 13:58:21.647308
10236|dark|2|2024-08-04 13:58:21.647308
10237|grass|1|2024-08-04 13:58:21.647308
10237|fighting|2|2024-08-04 13:58:21.647308
10238|normal|1|2024-08-04 13:58:21.647308
10238|ghost|2|2024-08-04 13:58:21.647308
10239|normal|1|2024-08-04 13:58:21.647308
10239|ghost|2|2024-08-04 13:58:21.647308
10240|psychic|1|2024-08-04 13:58:21.647308
10240|flying|2|2024-08-04 13:58:21.647308
10241|steel|1|2024-08-04 13:58:21.647308
10241|dragon|2|2024-08-04 13:58:21.647308
10242|steel|1|2024-08-04 13:58:21.647308
10242|dragon|2|2024-08-04 13:58:21.647308
10243|ice|1|2024-08-04 13:58:21.647308
10243|rock|2|2024-08-04 13:58:21.647308
10244|grass|1|2024-08-04 13:58:21.647308
10244|fighting|2|2024-08-04 13:58:21.647308
10245|steel|1|2024-08-04 13:58:21.647308
10245|dragon|2|2024-08-04 13:58:21.647308
10246|water|1|2024-08-04 13:58:21.647308
10246|dragon|2|2024-08-04 13:58:21.647308
10247|water|1|2024-08-04 13:58:21.647308
10248|water|1|2024-08-04 13:58:21.647308
10248|ghost|2|2024-08-04 13:58:21.647308
10249|fairy|1|2024-08-04 13:58:21.647308
10249|flying|2|2024-08-04 13:58:21.647308
10250|fighting|1|2024-08-04 13:58:21.647308
10251|fighting|1|2024-08-04 13:58:21.647308
10251|fire|2|2024-08-04 13:58:21.647308
10252|fighting|1|2024-08-04 13:58:21.647308
10252|water|2|2024-08-04 13:58:21.647308
10253|poison|1|2024-08-04 13:58:21.647308
10253|ground|2|2024-08-04 13:58:21.647308
10254|normal|1|2024-08-04 13:58:21.647308
10255|normal|1|2024-08-04 13:58:21.647308
10256|water|1|2024-08-04 13:58:21.647308
10257|normal|1|2024-08-04 13:58:21.647308
10258|dragon|1|2024-08-04 13:58:21.647308
10258|water|2|2024-08-04 13:58:21.647308
10259|dragon|1|2024-08-04 13:58:21.647308
10259|water|2|2024-08-04 13:58:21.647308
10260|normal|1|2024-08-04 13:58:21.647308
10260|flying|2|2024-08-04 13:58:21.647308
10261|normal|1|2024-08-04 13:58:21.647308
10261|flying|2|2024-08-04 13:58:21.647308
10262|normal|1|2024-08-04 13:58:21.647308
10262|flying|2|2024-08-04 13:58:21.647308
10263|ghost|1|2024-08-04 13:58:21.647308
10264|fighting|1|2024-08-04 13:58:21.647308
10264|dragon|2|2024-08-04 13:58:21.647308
10265|fighting|1|2024-08-04 13:58:21.647308
10265|dragon|2|2024-08-04 13:58:21.647308
10266|fighting|1|2024-08-04 13:58:21.647308
10266|dragon|2|2024-08-04 13:58:21.647308
10267|fighting|1|2024-08-04 13:58:21.647308
10267|dragon|2|2024-08-04 13:58:21.647308
10268|electric|1|2024-08-04 13:58:21.647308
10268|dragon|2|2024-08-04 13:58:21.647308
10269|electric|1|2024-08-04 13:58:21.647308
10269|dragon|2|2024-08-04 13:58:21.647308
10270|electric|1|2024-08-04 13:58:21.647308
10270|dragon|2|2024-08-04 13:58:21.647308
10271|electric|1|2024-08-04 13:58:21.647308
10271|dragon|2|2024-08-04 13:58:21.647308
10272|ground|1|2024-08-04 13:58:21.647308
10272|normal|2|2024-08-04 13:58:21.647308
10273|grass|1|2024-08-04 13:58:21.647308
10273|water|2|2024-08-04 13:58:21.647308
10274|grass|1|2024-08-04 13:58:21.647308
10274|fire|2|2024-08-04 13:58:21.647308
10275|grass|1|2024-08-04 13:58:21.647308
10275|rock|2|2024-08-04 13:58:21.647308
10276|normal|1|2024-08-04 13:58:21.647308
10277|normal|1|2024-08-04 13:58:21.647308
