pkmn_id|name|type_number|extraer_datetime
1|grass|1|2024-08-17 12:03:45.546378
1|poison|2|2024-08-17 12:03:45.546378
2|grass|1|2024-08-17 12:03:45.546378
2|poison|2|2024-08-17 12:03:45.546378
3|grass|1|2024-08-17 12:03:45.546378
3|poison|2|2024-08-17 12:03:45.546378
4|fire|1|2024-08-17 12:03:45.546378
5|fire|1|2024-08-17 12:03:45.546378
6|fire|1|2024-08-17 12:03:45.546378
6|flying|2|2024-08-17 12:03:45.546378
7|water|1|2024-08-17 12:03:45.546378
8|water|1|2024-08-17 12:03:45.546378
9|water|1|2024-08-17 12:03:45.546378
10|bug|1|2024-08-17 12:03:45.546378
11|bug|1|2024-08-17 12:03:45.546378
12|bug|1|2024-08-17 12:03:45.546378
12|flying|2|2024-08-17 12:03:45.546378
13|bug|1|2024-08-17 12:03:45.546378
13|poison|2|2024-08-17 12:03:45.546378
14|bug|1|2024-08-17 12:03:45.546378
14|poison|2|2024-08-17 12:03:45.546378
15|bug|1|2024-08-17 12:03:45.546378
15|poison|2|2024-08-17 12:03:45.546378
16|normal|1|2024-08-17 12:03:45.546378
16|flying|2|2024-08-17 12:03:45.546378
17|normal|1|2024-08-17 12:03:45.546378
17|flying|2|2024-08-17 12:03:45.546378
18|normal|1|2024-08-17 12:03:45.546378
18|flying|2|2024-08-17 12:03:45.546378
19|normal|1|2024-08-17 12:03:45.546378
20|normal|1|2024-08-17 12:03:45.546378
21|normal|1|2024-08-17 12:03:45.546378
21|flying|2|2024-08-17 12:03:45.546378
22|normal|1|2024-08-17 12:03:45.546378
22|flying|2|2024-08-17 12:03:45.546378
23|poison|1|2024-08-17 12:03:45.546378
24|poison|1|2024-08-17 12:03:45.546378
25|electric|1|2024-08-17 12:03:45.546378
26|electric|1|2024-08-17 12:03:45.546378
27|ground|1|2024-08-17 12:03:45.546378
28|ground|1|2024-08-17 12:03:45.546378
29|poison|1|2024-08-17 12:03:45.546378
30|poison|1|2024-08-17 12:03:45.546378
31|poison|1|2024-08-17 12:03:45.546378
31|ground|2|2024-08-17 12:03:45.546378
32|poison|1|2024-08-17 12:03:45.546378
33|poison|1|2024-08-17 12:03:45.546378
34|poison|1|2024-08-17 12:03:45.546378
34|ground|2|2024-08-17 12:03:45.546378
35|fairy|1|2024-08-17 12:03:45.546378
36|fairy|1|2024-08-17 12:03:45.546378
37|fire|1|2024-08-17 12:03:45.546378
38|fire|1|2024-08-17 12:03:45.546378
39|normal|1|2024-08-17 12:03:45.546378
39|fairy|2|2024-08-17 12:03:45.546378
40|normal|1|2024-08-17 12:03:45.546378
40|fairy|2|2024-08-17 12:03:45.546378
41|poison|1|2024-08-17 12:03:45.546378
41|flying|2|2024-08-17 12:03:45.546378
42|poison|1|2024-08-17 12:03:45.546378
42|flying|2|2024-08-17 12:03:45.546378
43|grass|1|2024-08-17 12:03:45.546378
43|poison|2|2024-08-17 12:03:45.546378
44|grass|1|2024-08-17 12:03:45.546378
44|poison|2|2024-08-17 12:03:45.546378
45|grass|1|2024-08-17 12:03:45.546378
45|poison|2|2024-08-17 12:03:45.546378
46|bug|1|2024-08-17 12:03:45.546378
46|grass|2|2024-08-17 12:03:45.546378
47|bug|1|2024-08-17 12:03:45.546378
47|grass|2|2024-08-17 12:03:45.546378
48|bug|1|2024-08-17 12:03:45.546378
48|poison|2|2024-08-17 12:03:45.546378
49|bug|1|2024-08-17 12:03:45.546378
49|poison|2|2024-08-17 12:03:45.546378
50|ground|1|2024-08-17 12:03:45.546378
51|ground|1|2024-08-17 12:03:45.546378
52|normal|1|2024-08-17 12:03:45.546378
53|normal|1|2024-08-17 12:03:45.546378
54|water|1|2024-08-17 12:03:45.546378
55|water|1|2024-08-17 12:03:45.546378
56|fighting|1|2024-08-17 12:03:45.546378
57|fighting|1|2024-08-17 12:03:45.546378
58|fire|1|2024-08-17 12:03:45.546378
59|fire|1|2024-08-17 12:03:45.546378
60|water|1|2024-08-17 12:03:45.546378
61|water|1|2024-08-17 12:03:45.546378
62|water|1|2024-08-17 12:03:45.546378
62|fighting|2|2024-08-17 12:03:45.546378
63|psychic|1|2024-08-17 12:03:45.546378
64|psychic|1|2024-08-17 12:03:45.546378
65|psychic|1|2024-08-17 12:03:45.546378
66|fighting|1|2024-08-17 12:03:45.546378
67|fighting|1|2024-08-17 12:03:45.546378
68|fighting|1|2024-08-17 12:03:45.546378
69|grass|1|2024-08-17 12:03:45.546378
69|poison|2|2024-08-17 12:03:45.546378
70|grass|1|2024-08-17 12:03:45.546378
70|poison|2|2024-08-17 12:03:45.546378
71|grass|1|2024-08-17 12:03:45.546378
71|poison|2|2024-08-17 12:03:45.546378
72|water|1|2024-08-17 12:03:45.546378
72|poison|2|2024-08-17 12:03:45.546378
73|water|1|2024-08-17 12:03:45.546378
73|poison|2|2024-08-17 12:03:45.546378
74|rock|1|2024-08-17 12:03:45.546378
74|ground|2|2024-08-17 12:03:45.546378
75|rock|1|2024-08-17 12:03:45.546378
75|ground|2|2024-08-17 12:03:45.546378
76|rock|1|2024-08-17 12:03:45.546378
76|ground|2|2024-08-17 12:03:45.546378
77|fire|1|2024-08-17 12:03:45.546378
78|fire|1|2024-08-17 12:03:45.546378
79|water|1|2024-08-17 12:03:45.546378
79|psychic|2|2024-08-17 12:03:45.546378
80|water|1|2024-08-17 12:03:45.546378
80|psychic|2|2024-08-17 12:03:45.546378
81|electric|1|2024-08-17 12:03:45.546378
81|steel|2|2024-08-17 12:03:45.546378
82|electric|1|2024-08-17 12:03:45.546378
82|steel|2|2024-08-17 12:03:45.546378
83|normal|1|2024-08-17 12:03:45.546378
83|flying|2|2024-08-17 12:03:45.546378
84|normal|1|2024-08-17 12:03:45.546378
84|flying|2|2024-08-17 12:03:45.546378
85|normal|1|2024-08-17 12:03:45.546378
85|flying|2|2024-08-17 12:03:45.546378
86|water|1|2024-08-17 12:03:45.546378
87|water|1|2024-08-17 12:03:45.546378
87|ice|2|2024-08-17 12:03:45.546378
88|poison|1|2024-08-17 12:03:45.546378
89|poison|1|2024-08-17 12:03:45.546378
90|water|1|2024-08-17 12:03:45.546378
91|water|1|2024-08-17 12:03:45.546378
91|ice|2|2024-08-17 12:03:45.546378
92|ghost|1|2024-08-17 12:03:45.546378
92|poison|2|2024-08-17 12:03:45.546378
93|ghost|1|2024-08-17 12:03:45.546378
93|poison|2|2024-08-17 12:03:45.546378
94|ghost|1|2024-08-17 12:03:45.546378
94|poison|2|2024-08-17 12:03:45.546378
95|rock|1|2024-08-17 12:03:45.546378
95|ground|2|2024-08-17 12:03:45.546378
96|psychic|1|2024-08-17 12:03:45.546378
97|psychic|1|2024-08-17 12:03:45.546378
98|water|1|2024-08-17 12:03:45.546378
99|water|1|2024-08-17 12:03:45.546378
100|electric|1|2024-08-17 12:03:45.546378
101|electric|1|2024-08-17 12:03:45.546378
102|grass|1|2024-08-17 12:03:45.546378
102|psychic|2|2024-08-17 12:03:45.546378
103|grass|1|2024-08-17 12:03:45.546378
103|psychic|2|2024-08-17 12:03:45.546378
104|ground|1|2024-08-17 12:03:45.546378
105|ground|1|2024-08-17 12:03:45.546378
106|fighting|1|2024-08-17 12:03:45.546378
107|fighting|1|2024-08-17 12:03:45.546378
108|normal|1|2024-08-17 12:03:45.546378
109|poison|1|2024-08-17 12:03:45.546378
110|poison|1|2024-08-17 12:03:45.546378
111|ground|1|2024-08-17 12:03:45.546378
111|rock|2|2024-08-17 12:03:45.546378
112|ground|1|2024-08-17 12:03:45.546378
112|rock|2|2024-08-17 12:03:45.546378
113|normal|1|2024-08-17 12:03:45.546378
114|grass|1|2024-08-17 12:03:45.546378
115|normal|1|2024-08-17 12:03:45.546378
116|water|1|2024-08-17 12:03:45.546378
117|water|1|2024-08-17 12:03:45.546378
118|water|1|2024-08-17 12:03:45.546378
119|water|1|2024-08-17 12:03:45.546378
120|water|1|2024-08-17 12:03:45.546378
121|water|1|2024-08-17 12:03:45.546378
121|psychic|2|2024-08-17 12:03:45.546378
122|psychic|1|2024-08-17 12:03:45.546378
122|fairy|2|2024-08-17 12:03:45.546378
123|bug|1|2024-08-17 12:03:45.546378
123|flying|2|2024-08-17 12:03:45.546378
124|ice|1|2024-08-17 12:03:45.546378
124|psychic|2|2024-08-17 12:03:45.546378
125|electric|1|2024-08-17 12:03:45.546378
126|fire|1|2024-08-17 12:03:45.546378
127|bug|1|2024-08-17 12:03:45.546378
128|normal|1|2024-08-17 12:03:45.546378
129|water|1|2024-08-17 12:03:45.546378
130|water|1|2024-08-17 12:03:45.546378
130|flying|2|2024-08-17 12:03:45.546378
131|water|1|2024-08-17 12:03:45.546378
131|ice|2|2024-08-17 12:03:45.546378
132|normal|1|2024-08-17 12:03:45.546378
133|normal|1|2024-08-17 12:03:45.546378
134|water|1|2024-08-17 12:03:45.546378
135|electric|1|2024-08-17 12:03:45.546378
136|fire|1|2024-08-17 12:03:45.546378
137|normal|1|2024-08-17 12:03:45.546378
138|rock|1|2024-08-17 12:03:45.546378
138|water|2|2024-08-17 12:03:45.546378
139|rock|1|2024-08-17 12:03:45.546378
139|water|2|2024-08-17 12:03:45.546378
140|rock|1|2024-08-17 12:03:45.546378
140|water|2|2024-08-17 12:03:45.546378
141|rock|1|2024-08-17 12:03:45.546378
141|water|2|2024-08-17 12:03:45.546378
142|rock|1|2024-08-17 12:03:45.546378
142|flying|2|2024-08-17 12:03:45.546378
143|normal|1|2024-08-17 12:03:45.546378
144|ice|1|2024-08-17 12:03:45.546378
144|flying|2|2024-08-17 12:03:45.546378
145|electric|1|2024-08-17 12:03:45.546378
145|flying|2|2024-08-17 12:03:45.546378
146|fire|1|2024-08-17 12:03:45.546378
146|flying|2|2024-08-17 12:03:45.546378
147|dragon|1|2024-08-17 12:03:45.546378
148|dragon|1|2024-08-17 12:03:45.546378
149|dragon|1|2024-08-17 12:03:45.546378
149|flying|2|2024-08-17 12:03:45.546378
150|psychic|1|2024-08-17 12:03:45.546378
151|psychic|1|2024-08-17 12:03:45.546378
152|grass|1|2024-08-17 12:03:45.546378
153|grass|1|2024-08-17 12:03:45.546378
154|grass|1|2024-08-17 12:03:45.546378
155|fire|1|2024-08-17 12:03:45.546378
156|fire|1|2024-08-17 12:03:45.546378
157|fire|1|2024-08-17 12:03:45.546378
158|water|1|2024-08-17 12:03:45.546378
159|water|1|2024-08-17 12:03:45.546378
160|water|1|2024-08-17 12:03:45.546378
161|normal|1|2024-08-17 12:03:45.546378
162|normal|1|2024-08-17 12:03:45.546378
163|normal|1|2024-08-17 12:03:45.546378
163|flying|2|2024-08-17 12:03:45.546378
164|normal|1|2024-08-17 12:03:45.546378
164|flying|2|2024-08-17 12:03:45.546378
165|bug|1|2024-08-17 12:03:45.546378
165|flying|2|2024-08-17 12:03:45.546378
166|bug|1|2024-08-17 12:03:45.546378
166|flying|2|2024-08-17 12:03:45.546378
167|bug|1|2024-08-17 12:03:45.546378
167|poison|2|2024-08-17 12:03:45.546378
168|bug|1|2024-08-17 12:03:45.546378
168|poison|2|2024-08-17 12:03:45.546378
169|poison|1|2024-08-17 12:03:45.546378
169|flying|2|2024-08-17 12:03:45.546378
170|water|1|2024-08-17 12:03:45.546378
170|electric|2|2024-08-17 12:03:45.546378
171|water|1|2024-08-17 12:03:45.546378
171|electric|2|2024-08-17 12:03:45.546378
172|electric|1|2024-08-17 12:03:45.546378
173|fairy|1|2024-08-17 12:03:45.546378
174|normal|1|2024-08-17 12:03:45.546378
174|fairy|2|2024-08-17 12:03:45.546378
175|fairy|1|2024-08-17 12:03:45.546378
176|fairy|1|2024-08-17 12:03:45.546378
176|flying|2|2024-08-17 12:03:45.546378
177|psychic|1|2024-08-17 12:03:45.546378
177|flying|2|2024-08-17 12:03:45.546378
178|psychic|1|2024-08-17 12:03:45.546378
178|flying|2|2024-08-17 12:03:45.546378
179|electric|1|2024-08-17 12:03:45.546378
180|electric|1|2024-08-17 12:03:45.546378
181|electric|1|2024-08-17 12:03:45.546378
182|grass|1|2024-08-17 12:03:45.546378
183|water|1|2024-08-17 12:03:45.546378
183|fairy|2|2024-08-17 12:03:45.546378
184|water|1|2024-08-17 12:03:45.546378
184|fairy|2|2024-08-17 12:03:45.546378
185|rock|1|2024-08-17 12:03:45.546378
186|water|1|2024-08-17 12:03:45.546378
187|grass|1|2024-08-17 12:03:45.546378
187|flying|2|2024-08-17 12:03:45.546378
188|grass|1|2024-08-17 12:03:45.546378
188|flying|2|2024-08-17 12:03:45.546378
189|grass|1|2024-08-17 12:03:45.546378
189|flying|2|2024-08-17 12:03:45.546378
190|normal|1|2024-08-17 12:03:45.546378
191|grass|1|2024-08-17 12:03:45.546378
192|grass|1|2024-08-17 12:03:45.546378
193|bug|1|2024-08-17 12:03:45.546378
193|flying|2|2024-08-17 12:03:45.546378
194|water|1|2024-08-17 12:03:45.546378
194|ground|2|2024-08-17 12:03:45.546378
195|water|1|2024-08-17 12:03:45.546378
195|ground|2|2024-08-17 12:03:45.546378
196|psychic|1|2024-08-17 12:03:45.546378
197|dark|1|2024-08-17 12:03:45.546378
198|dark|1|2024-08-17 12:03:45.546378
198|flying|2|2024-08-17 12:03:45.546378
199|water|1|2024-08-17 12:03:45.546378
199|psychic|2|2024-08-17 12:03:45.546378
200|ghost|1|2024-08-17 12:03:45.546378
201|psychic|1|2024-08-17 12:03:45.546378
202|psychic|1|2024-08-17 12:03:45.546378
203|normal|1|2024-08-17 12:03:45.546378
203|psychic|2|2024-08-17 12:03:45.546378
204|bug|1|2024-08-17 12:03:45.546378
205|bug|1|2024-08-17 12:03:45.546378
205|steel|2|2024-08-17 12:03:45.546378
206|normal|1|2024-08-17 12:03:45.546378
207|ground|1|2024-08-17 12:03:45.546378
207|flying|2|2024-08-17 12:03:45.546378
208|steel|1|2024-08-17 12:03:45.546378
208|ground|2|2024-08-17 12:03:45.546378
209|fairy|1|2024-08-17 12:03:45.546378
210|fairy|1|2024-08-17 12:03:45.546378
211|water|1|2024-08-17 12:03:45.546378
211|poison|2|2024-08-17 12:03:45.546378
212|bug|1|2024-08-17 12:03:45.546378
212|steel|2|2024-08-17 12:03:45.546378
213|bug|1|2024-08-17 12:03:45.546378
213|rock|2|2024-08-17 12:03:45.546378
214|bug|1|2024-08-17 12:03:45.546378
214|fighting|2|2024-08-17 12:03:45.546378
215|dark|1|2024-08-17 12:03:45.546378
215|ice|2|2024-08-17 12:03:45.546378
216|normal|1|2024-08-17 12:03:45.546378
217|normal|1|2024-08-17 12:03:45.546378
218|fire|1|2024-08-17 12:03:45.546378
219|fire|1|2024-08-17 12:03:45.546378
219|rock|2|2024-08-17 12:03:45.546378
220|ice|1|2024-08-17 12:03:45.546378
220|ground|2|2024-08-17 12:03:45.546378
221|ice|1|2024-08-17 12:03:45.546378
221|ground|2|2024-08-17 12:03:45.546378
222|water|1|2024-08-17 12:03:45.546378
222|rock|2|2024-08-17 12:03:45.546378
223|water|1|2024-08-17 12:03:45.546378
224|water|1|2024-08-17 12:03:45.546378
225|ice|1|2024-08-17 12:03:45.546378
225|flying|2|2024-08-17 12:03:45.546378
226|water|1|2024-08-17 12:03:45.546378
226|flying|2|2024-08-17 12:03:45.546378
227|steel|1|2024-08-17 12:03:45.546378
227|flying|2|2024-08-17 12:03:45.546378
228|dark|1|2024-08-17 12:03:45.546378
228|fire|2|2024-08-17 12:03:45.546378
229|dark|1|2024-08-17 12:03:45.546378
229|fire|2|2024-08-17 12:03:45.546378
230|water|1|2024-08-17 12:03:45.546378
230|dragon|2|2024-08-17 12:03:45.546378
231|ground|1|2024-08-17 12:03:45.546378
232|ground|1|2024-08-17 12:03:45.546378
233|normal|1|2024-08-17 12:03:45.546378
234|normal|1|2024-08-17 12:03:45.546378
235|normal|1|2024-08-17 12:03:45.546378
236|fighting|1|2024-08-17 12:03:45.546378
237|fighting|1|2024-08-17 12:03:45.546378
238|ice|1|2024-08-17 12:03:45.546378
238|psychic|2|2024-08-17 12:03:45.546378
239|electric|1|2024-08-17 12:03:45.546378
240|fire|1|2024-08-17 12:03:45.546378
241|normal|1|2024-08-17 12:03:45.546378
242|normal|1|2024-08-17 12:03:45.546378
243|electric|1|2024-08-17 12:03:45.546378
244|fire|1|2024-08-17 12:03:45.546378
245|water|1|2024-08-17 12:03:45.546378
246|rock|1|2024-08-17 12:03:45.546378
246|ground|2|2024-08-17 12:03:45.546378
247|rock|1|2024-08-17 12:03:45.546378
247|ground|2|2024-08-17 12:03:45.546378
248|rock|1|2024-08-17 12:03:45.546378
248|dark|2|2024-08-17 12:03:45.546378
249|psychic|1|2024-08-17 12:03:45.546378
249|flying|2|2024-08-17 12:03:45.546378
250|fire|1|2024-08-17 12:03:45.546378
250|flying|2|2024-08-17 12:03:45.546378
251|psychic|1|2024-08-17 12:03:45.546378
251|grass|2|2024-08-17 12:03:45.546378
252|grass|1|2024-08-17 12:03:45.546378
253|grass|1|2024-08-17 12:03:45.546378
254|grass|1|2024-08-17 12:03:45.546378
255|fire|1|2024-08-17 12:03:45.546378
256|fire|1|2024-08-17 12:03:45.546378
256|fighting|2|2024-08-17 12:03:45.546378
257|fire|1|2024-08-17 12:03:45.546378
257|fighting|2|2024-08-17 12:03:45.546378
258|water|1|2024-08-17 12:03:45.546378
259|water|1|2024-08-17 12:03:45.546378
259|ground|2|2024-08-17 12:03:45.546378
260|water|1|2024-08-17 12:03:45.546378
260|ground|2|2024-08-17 12:03:45.546378
261|dark|1|2024-08-17 12:03:45.546378
262|dark|1|2024-08-17 12:03:45.546378
263|normal|1|2024-08-17 12:03:45.546378
264|normal|1|2024-08-17 12:03:45.546378
265|bug|1|2024-08-17 12:03:45.546378
266|bug|1|2024-08-17 12:03:45.546378
267|bug|1|2024-08-17 12:03:45.546378
267|flying|2|2024-08-17 12:03:45.546378
268|bug|1|2024-08-17 12:03:45.546378
269|bug|1|2024-08-17 12:03:45.546378
269|poison|2|2024-08-17 12:03:45.546378
270|water|1|2024-08-17 12:03:45.546378
270|grass|2|2024-08-17 12:03:45.546378
271|water|1|2024-08-17 12:03:45.546378
271|grass|2|2024-08-17 12:03:45.546378
272|water|1|2024-08-17 12:03:45.546378
272|grass|2|2024-08-17 12:03:45.546378
273|grass|1|2024-08-17 12:03:45.546378
274|grass|1|2024-08-17 12:03:45.546378
274|dark|2|2024-08-17 12:03:45.546378
275|grass|1|2024-08-17 12:03:45.546378
275|dark|2|2024-08-17 12:03:45.546378
276|normal|1|2024-08-17 12:03:45.546378
276|flying|2|2024-08-17 12:03:45.546378
277|normal|1|2024-08-17 12:03:45.546378
277|flying|2|2024-08-17 12:03:45.546378
278|water|1|2024-08-17 12:03:45.546378
278|flying|2|2024-08-17 12:03:45.546378
279|water|1|2024-08-17 12:03:45.546378
279|flying|2|2024-08-17 12:03:45.546378
280|psychic|1|2024-08-17 12:03:45.546378
280|fairy|2|2024-08-17 12:03:45.546378
281|psychic|1|2024-08-17 12:03:45.546378
281|fairy|2|2024-08-17 12:03:45.546378
282|psychic|1|2024-08-17 12:03:45.546378
282|fairy|2|2024-08-17 12:03:45.546378
283|bug|1|2024-08-17 12:03:45.546378
283|water|2|2024-08-17 12:03:45.546378
284|bug|1|2024-08-17 12:03:45.546378
284|flying|2|2024-08-17 12:03:45.546378
285|grass|1|2024-08-17 12:03:45.546378
286|grass|1|2024-08-17 12:03:45.546378
286|fighting|2|2024-08-17 12:03:45.546378
287|normal|1|2024-08-17 12:03:45.546378
288|normal|1|2024-08-17 12:03:45.546378
289|normal|1|2024-08-17 12:03:45.546378
290|bug|1|2024-08-17 12:03:45.546378
290|ground|2|2024-08-17 12:03:45.546378
291|bug|1|2024-08-17 12:03:45.546378
291|flying|2|2024-08-17 12:03:45.546378
292|bug|1|2024-08-17 12:03:45.546378
292|ghost|2|2024-08-17 12:03:45.546378
293|normal|1|2024-08-17 12:03:45.546378
294|normal|1|2024-08-17 12:03:45.546378
295|normal|1|2024-08-17 12:03:45.546378
296|fighting|1|2024-08-17 12:03:45.546378
297|fighting|1|2024-08-17 12:03:45.546378
298|normal|1|2024-08-17 12:03:45.546378
298|fairy|2|2024-08-17 12:03:45.546378
299|rock|1|2024-08-17 12:03:45.546378
300|normal|1|2024-08-17 12:03:45.546378
301|normal|1|2024-08-17 12:03:45.546378
302|dark|1|2024-08-17 12:03:45.546378
302|ghost|2|2024-08-17 12:03:45.546378
303|steel|1|2024-08-17 12:03:45.546378
303|fairy|2|2024-08-17 12:03:45.546378
304|steel|1|2024-08-17 12:03:45.546378
304|rock|2|2024-08-17 12:03:45.546378
305|steel|1|2024-08-17 12:03:45.546378
305|rock|2|2024-08-17 12:03:45.546378
306|steel|1|2024-08-17 12:03:45.546378
306|rock|2|2024-08-17 12:03:45.546378
307|fighting|1|2024-08-17 12:03:45.546378
307|psychic|2|2024-08-17 12:03:45.546378
308|fighting|1|2024-08-17 12:03:45.546378
308|psychic|2|2024-08-17 12:03:45.546378
309|electric|1|2024-08-17 12:03:45.546378
310|electric|1|2024-08-17 12:03:45.546378
311|electric|1|2024-08-17 12:03:45.546378
312|electric|1|2024-08-17 12:03:45.546378
313|bug|1|2024-08-17 12:03:45.546378
314|bug|1|2024-08-17 12:03:45.546378
315|grass|1|2024-08-17 12:03:45.546378
315|poison|2|2024-08-17 12:03:45.546378
316|poison|1|2024-08-17 12:03:45.546378
317|poison|1|2024-08-17 12:03:45.546378
318|water|1|2024-08-17 12:03:45.546378
318|dark|2|2024-08-17 12:03:45.546378
319|water|1|2024-08-17 12:03:45.546378
319|dark|2|2024-08-17 12:03:45.546378
320|water|1|2024-08-17 12:03:45.546378
321|water|1|2024-08-17 12:03:45.546378
322|fire|1|2024-08-17 12:03:45.546378
322|ground|2|2024-08-17 12:03:45.546378
323|fire|1|2024-08-17 12:03:45.546378
323|ground|2|2024-08-17 12:03:45.546378
324|fire|1|2024-08-17 12:03:45.546378
325|psychic|1|2024-08-17 12:03:45.546378
326|psychic|1|2024-08-17 12:03:45.546378
327|normal|1|2024-08-17 12:03:45.546378
328|ground|1|2024-08-17 12:03:45.546378
329|ground|1|2024-08-17 12:03:45.546378
329|dragon|2|2024-08-17 12:03:45.546378
330|ground|1|2024-08-17 12:03:45.546378
330|dragon|2|2024-08-17 12:03:45.546378
331|grass|1|2024-08-17 12:03:45.546378
332|grass|1|2024-08-17 12:03:45.546378
332|dark|2|2024-08-17 12:03:45.546378
333|normal|1|2024-08-17 12:03:45.546378
333|flying|2|2024-08-17 12:03:45.546378
334|dragon|1|2024-08-17 12:03:45.546378
334|flying|2|2024-08-17 12:03:45.546378
335|normal|1|2024-08-17 12:03:45.546378
336|poison|1|2024-08-17 12:03:45.546378
337|rock|1|2024-08-17 12:03:45.546378
337|psychic|2|2024-08-17 12:03:45.546378
338|rock|1|2024-08-17 12:03:45.546378
338|psychic|2|2024-08-17 12:03:45.546378
339|water|1|2024-08-17 12:03:45.546378
339|ground|2|2024-08-17 12:03:45.546378
340|water|1|2024-08-17 12:03:45.546378
340|ground|2|2024-08-17 12:03:45.546378
341|water|1|2024-08-17 12:03:45.546378
342|water|1|2024-08-17 12:03:45.546378
342|dark|2|2024-08-17 12:03:45.546378
343|ground|1|2024-08-17 12:03:45.546378
343|psychic|2|2024-08-17 12:03:45.546378
344|ground|1|2024-08-17 12:03:45.546378
344|psychic|2|2024-08-17 12:03:45.546378
345|rock|1|2024-08-17 12:03:45.546378
345|grass|2|2024-08-17 12:03:45.546378
346|rock|1|2024-08-17 12:03:45.546378
346|grass|2|2024-08-17 12:03:45.546378
347|rock|1|2024-08-17 12:03:45.546378
347|bug|2|2024-08-17 12:03:45.546378
348|rock|1|2024-08-17 12:03:45.546378
348|bug|2|2024-08-17 12:03:45.546378
349|water|1|2024-08-17 12:03:45.546378
350|water|1|2024-08-17 12:03:45.546378
351|normal|1|2024-08-17 12:03:45.546378
352|normal|1|2024-08-17 12:03:45.546378
353|ghost|1|2024-08-17 12:03:45.546378
354|ghost|1|2024-08-17 12:03:45.546378
355|ghost|1|2024-08-17 12:03:45.546378
356|ghost|1|2024-08-17 12:03:45.546378
357|grass|1|2024-08-17 12:03:45.546378
357|flying|2|2024-08-17 12:03:45.546378
358|psychic|1|2024-08-17 12:03:45.546378
359|dark|1|2024-08-17 12:03:45.546378
360|psychic|1|2024-08-17 12:03:45.546378
361|ice|1|2024-08-17 12:03:45.546378
362|ice|1|2024-08-17 12:03:45.546378
363|ice|1|2024-08-17 12:03:45.546378
363|water|2|2024-08-17 12:03:45.546378
364|ice|1|2024-08-17 12:03:45.546378
364|water|2|2024-08-17 12:03:45.546378
365|ice|1|2024-08-17 12:03:45.546378
365|water|2|2024-08-17 12:03:45.546378
366|water|1|2024-08-17 12:03:45.546378
367|water|1|2024-08-17 12:03:45.546378
368|water|1|2024-08-17 12:03:45.546378
369|water|1|2024-08-17 12:03:45.546378
369|rock|2|2024-08-17 12:03:45.546378
370|water|1|2024-08-17 12:03:45.546378
371|dragon|1|2024-08-17 12:03:45.546378
372|dragon|1|2024-08-17 12:03:45.546378
373|dragon|1|2024-08-17 12:03:45.546378
373|flying|2|2024-08-17 12:03:45.546378
374|steel|1|2024-08-17 12:03:45.546378
374|psychic|2|2024-08-17 12:03:45.546378
375|steel|1|2024-08-17 12:03:45.546378
375|psychic|2|2024-08-17 12:03:45.546378
376|steel|1|2024-08-17 12:03:45.546378
376|psychic|2|2024-08-17 12:03:45.546378
377|rock|1|2024-08-17 12:03:45.546378
378|ice|1|2024-08-17 12:03:45.546378
379|steel|1|2024-08-17 12:03:45.546378
380|dragon|1|2024-08-17 12:03:45.546378
380|psychic|2|2024-08-17 12:03:45.546378
381|dragon|1|2024-08-17 12:03:45.546378
381|psychic|2|2024-08-17 12:03:45.546378
382|water|1|2024-08-17 12:03:45.546378
383|ground|1|2024-08-17 12:03:45.546378
384|dragon|1|2024-08-17 12:03:45.546378
384|flying|2|2024-08-17 12:03:45.546378
385|steel|1|2024-08-17 12:03:45.546378
385|psychic|2|2024-08-17 12:03:45.546378
386|psychic|1|2024-08-17 12:03:45.546378
387|grass|1|2024-08-17 12:03:45.546378
388|grass|1|2024-08-17 12:03:45.546378
389|grass|1|2024-08-17 12:03:45.546378
389|ground|2|2024-08-17 12:03:45.546378
390|fire|1|2024-08-17 12:03:45.546378
391|fire|1|2024-08-17 12:03:45.546378
391|fighting|2|2024-08-17 12:03:45.546378
392|fire|1|2024-08-17 12:03:45.546378
392|fighting|2|2024-08-17 12:03:45.546378
393|water|1|2024-08-17 12:03:45.546378
394|water|1|2024-08-17 12:03:45.546378
395|water|1|2024-08-17 12:03:45.546378
395|steel|2|2024-08-17 12:03:45.546378
396|normal|1|2024-08-17 12:03:45.546378
396|flying|2|2024-08-17 12:03:45.546378
397|normal|1|2024-08-17 12:03:45.546378
397|flying|2|2024-08-17 12:03:45.546378
398|normal|1|2024-08-17 12:03:45.546378
398|flying|2|2024-08-17 12:03:45.546378
399|normal|1|2024-08-17 12:03:45.546378
400|normal|1|2024-08-17 12:03:45.546378
400|water|2|2024-08-17 12:03:45.546378
401|bug|1|2024-08-17 12:03:45.546378
402|bug|1|2024-08-17 12:03:45.546378
403|electric|1|2024-08-17 12:03:45.546378
404|electric|1|2024-08-17 12:03:45.546378
405|electric|1|2024-08-17 12:03:45.546378
406|grass|1|2024-08-17 12:03:45.546378
406|poison|2|2024-08-17 12:03:45.546378
407|grass|1|2024-08-17 12:03:45.546378
407|poison|2|2024-08-17 12:03:45.546378
408|rock|1|2024-08-17 12:03:45.546378
409|rock|1|2024-08-17 12:03:45.546378
410|rock|1|2024-08-17 12:03:45.546378
410|steel|2|2024-08-17 12:03:45.546378
411|rock|1|2024-08-17 12:03:45.546378
411|steel|2|2024-08-17 12:03:45.546378
412|bug|1|2024-08-17 12:03:45.546378
413|bug|1|2024-08-17 12:03:45.546378
413|grass|2|2024-08-17 12:03:45.546378
414|bug|1|2024-08-17 12:03:45.546378
414|flying|2|2024-08-17 12:03:45.546378
415|bug|1|2024-08-17 12:03:45.546378
415|flying|2|2024-08-17 12:03:45.546378
416|bug|1|2024-08-17 12:03:45.546378
416|flying|2|2024-08-17 12:03:45.546378
417|electric|1|2024-08-17 12:03:45.546378
418|water|1|2024-08-17 12:03:45.546378
419|water|1|2024-08-17 12:03:45.546378
420|grass|1|2024-08-17 12:03:45.546378
421|grass|1|2024-08-17 12:03:45.546378
422|water|1|2024-08-17 12:03:45.546378
423|water|1|2024-08-17 12:03:45.546378
423|ground|2|2024-08-17 12:03:45.546378
424|normal|1|2024-08-17 12:03:45.546378
425|ghost|1|2024-08-17 12:03:45.546378
425|flying|2|2024-08-17 12:03:45.546378
426|ghost|1|2024-08-17 12:03:45.546378
426|flying|2|2024-08-17 12:03:45.546378
427|normal|1|2024-08-17 12:03:45.546378
428|normal|1|2024-08-17 12:03:45.546378
429|ghost|1|2024-08-17 12:03:45.546378
430|dark|1|2024-08-17 12:03:45.546378
430|flying|2|2024-08-17 12:03:45.546378
431|normal|1|2024-08-17 12:03:45.546378
432|normal|1|2024-08-17 12:03:45.546378
433|psychic|1|2024-08-17 12:03:45.546378
434|poison|1|2024-08-17 12:03:45.546378
434|dark|2|2024-08-17 12:03:45.546378
435|poison|1|2024-08-17 12:03:45.546378
435|dark|2|2024-08-17 12:03:45.546378
436|steel|1|2024-08-17 12:03:45.546378
436|psychic|2|2024-08-17 12:03:45.546378
437|steel|1|2024-08-17 12:03:45.546378
437|psychic|2|2024-08-17 12:03:45.546378
438|rock|1|2024-08-17 12:03:45.546378
439|psychic|1|2024-08-17 12:03:45.546378
439|fairy|2|2024-08-17 12:03:45.546378
440|normal|1|2024-08-17 12:03:45.546378
441|normal|1|2024-08-17 12:03:45.546378
441|flying|2|2024-08-17 12:03:45.546378
442|ghost|1|2024-08-17 12:03:45.546378
442|dark|2|2024-08-17 12:03:45.546378
443|dragon|1|2024-08-17 12:03:45.546378
443|ground|2|2024-08-17 12:03:45.546378
444|dragon|1|2024-08-17 12:03:45.546378
444|ground|2|2024-08-17 12:03:45.546378
445|dragon|1|2024-08-17 12:03:45.546378
445|ground|2|2024-08-17 12:03:45.546378
446|normal|1|2024-08-17 12:03:45.546378
447|fighting|1|2024-08-17 12:03:45.546378
448|fighting|1|2024-08-17 12:03:45.546378
448|steel|2|2024-08-17 12:03:45.546378
449|ground|1|2024-08-17 12:03:45.546378
450|ground|1|2024-08-17 12:03:45.546378
451|poison|1|2024-08-17 12:03:45.546378
451|bug|2|2024-08-17 12:03:45.546378
452|poison|1|2024-08-17 12:03:45.546378
452|dark|2|2024-08-17 12:03:45.546378
453|poison|1|2024-08-17 12:03:45.546378
453|fighting|2|2024-08-17 12:03:45.546378
454|poison|1|2024-08-17 12:03:45.546378
454|fighting|2|2024-08-17 12:03:45.546378
455|grass|1|2024-08-17 12:03:45.546378
456|water|1|2024-08-17 12:03:45.546378
457|water|1|2024-08-17 12:03:45.546378
458|water|1|2024-08-17 12:03:45.546378
458|flying|2|2024-08-17 12:03:45.546378
459|grass|1|2024-08-17 12:03:45.546378
459|ice|2|2024-08-17 12:03:45.546378
460|grass|1|2024-08-17 12:03:45.546378
460|ice|2|2024-08-17 12:03:45.546378
461|dark|1|2024-08-17 12:03:45.546378
461|ice|2|2024-08-17 12:03:45.546378
462|electric|1|2024-08-17 12:03:45.546378
462|steel|2|2024-08-17 12:03:45.546378
463|normal|1|2024-08-17 12:03:45.546378
464|ground|1|2024-08-17 12:03:45.546378
464|rock|2|2024-08-17 12:03:45.546378
465|grass|1|2024-08-17 12:03:45.546378
466|electric|1|2024-08-17 12:03:45.546378
467|fire|1|2024-08-17 12:03:45.546378
468|fairy|1|2024-08-17 12:03:45.546378
468|flying|2|2024-08-17 12:03:45.546378
469|bug|1|2024-08-17 12:03:45.546378
469|flying|2|2024-08-17 12:03:45.546378
470|grass|1|2024-08-17 12:03:45.546378
471|ice|1|2024-08-17 12:03:45.546378
472|ground|1|2024-08-17 12:03:45.546378
472|flying|2|2024-08-17 12:03:45.546378
473|ice|1|2024-08-17 12:03:45.546378
473|ground|2|2024-08-17 12:03:45.546378
474|normal|1|2024-08-17 12:03:45.546378
475|psychic|1|2024-08-17 12:03:45.546378
475|fighting|2|2024-08-17 12:03:45.546378
476|rock|1|2024-08-17 12:03:45.546378
476|steel|2|2024-08-17 12:03:45.546378
477|ghost|1|2024-08-17 12:03:45.546378
478|ice|1|2024-08-17 12:03:45.546378
478|ghost|2|2024-08-17 12:03:45.546378
479|electric|1|2024-08-17 12:03:45.546378
479|ghost|2|2024-08-17 12:03:45.546378
480|psychic|1|2024-08-17 12:03:45.546378
481|psychic|1|2024-08-17 12:03:45.546378
482|psychic|1|2024-08-17 12:03:45.546378
483|steel|1|2024-08-17 12:03:45.546378
483|dragon|2|2024-08-17 12:03:45.546378
484|water|1|2024-08-17 12:03:45.546378
484|dragon|2|2024-08-17 12:03:45.546378
485|fire|1|2024-08-17 12:03:45.546378
485|steel|2|2024-08-17 12:03:45.546378
486|normal|1|2024-08-17 12:03:45.546378
487|ghost|1|2024-08-17 12:03:45.546378
487|dragon|2|2024-08-17 12:03:45.546378
488|psychic|1|2024-08-17 12:03:45.546378
489|water|1|2024-08-17 12:03:45.546378
490|water|1|2024-08-17 12:03:45.546378
491|dark|1|2024-08-17 12:03:45.546378
492|grass|1|2024-08-17 12:03:45.546378
493|normal|1|2024-08-17 12:03:45.546378
494|psychic|1|2024-08-17 12:03:45.546378
494|fire|2|2024-08-17 12:03:45.546378
495|grass|1|2024-08-17 12:03:45.546378
496|grass|1|2024-08-17 12:03:45.546378
497|grass|1|2024-08-17 12:03:45.546378
498|fire|1|2024-08-17 12:03:45.546378
499|fire|1|2024-08-17 12:03:45.546378
499|fighting|2|2024-08-17 12:03:45.546378
500|fire|1|2024-08-17 12:03:45.546378
500|fighting|2|2024-08-17 12:03:45.546378
501|water|1|2024-08-17 12:03:45.546378
502|water|1|2024-08-17 12:03:45.546378
503|water|1|2024-08-17 12:03:45.546378
504|normal|1|2024-08-17 12:03:45.546378
505|normal|1|2024-08-17 12:03:45.546378
506|normal|1|2024-08-17 12:03:45.546378
507|normal|1|2024-08-17 12:03:45.546378
508|normal|1|2024-08-17 12:03:45.546378
509|dark|1|2024-08-17 12:03:45.546378
510|dark|1|2024-08-17 12:03:45.546378
511|grass|1|2024-08-17 12:03:45.546378
512|grass|1|2024-08-17 12:03:45.546378
513|fire|1|2024-08-17 12:03:45.546378
514|fire|1|2024-08-17 12:03:45.546378
515|water|1|2024-08-17 12:03:45.546378
516|water|1|2024-08-17 12:03:45.546378
517|psychic|1|2024-08-17 12:03:45.546378
518|psychic|1|2024-08-17 12:03:45.546378
519|normal|1|2024-08-17 12:03:45.546378
519|flying|2|2024-08-17 12:03:45.546378
520|normal|1|2024-08-17 12:03:45.546378
520|flying|2|2024-08-17 12:03:45.546378
521|normal|1|2024-08-17 12:03:45.546378
521|flying|2|2024-08-17 12:03:45.546378
522|electric|1|2024-08-17 12:03:45.546378
523|electric|1|2024-08-17 12:03:45.546378
524|rock|1|2024-08-17 12:03:45.546378
525|rock|1|2024-08-17 12:03:45.546378
526|rock|1|2024-08-17 12:03:45.546378
527|psychic|1|2024-08-17 12:03:45.546378
527|flying|2|2024-08-17 12:03:45.546378
528|psychic|1|2024-08-17 12:03:45.546378
528|flying|2|2024-08-17 12:03:45.546378
529|ground|1|2024-08-17 12:03:45.546378
530|ground|1|2024-08-17 12:03:45.546378
530|steel|2|2024-08-17 12:03:45.546378
531|normal|1|2024-08-17 12:03:45.546378
532|fighting|1|2024-08-17 12:03:45.546378
533|fighting|1|2024-08-17 12:03:45.546378
534|fighting|1|2024-08-17 12:03:45.546378
535|water|1|2024-08-17 12:03:45.546378
536|water|1|2024-08-17 12:03:45.546378
536|ground|2|2024-08-17 12:03:45.546378
537|water|1|2024-08-17 12:03:45.546378
537|ground|2|2024-08-17 12:03:45.546378
538|fighting|1|2024-08-17 12:03:45.546378
539|fighting|1|2024-08-17 12:03:45.546378
540|bug|1|2024-08-17 12:03:45.546378
540|grass|2|2024-08-17 12:03:45.546378
541|bug|1|2024-08-17 12:03:45.546378
541|grass|2|2024-08-17 12:03:45.546378
542|bug|1|2024-08-17 12:03:45.546378
542|grass|2|2024-08-17 12:03:45.546378
543|bug|1|2024-08-17 12:03:45.546378
543|poison|2|2024-08-17 12:03:45.546378
544|bug|1|2024-08-17 12:03:45.546378
544|poison|2|2024-08-17 12:03:45.546378
545|bug|1|2024-08-17 12:03:45.546378
545|poison|2|2024-08-17 12:03:45.546378
546|grass|1|2024-08-17 12:03:45.546378
546|fairy|2|2024-08-17 12:03:45.546378
547|grass|1|2024-08-17 12:03:45.546378
547|fairy|2|2024-08-17 12:03:45.546378
548|grass|1|2024-08-17 12:03:45.546378
549|grass|1|2024-08-17 12:03:45.546378
550|water|1|2024-08-17 12:03:45.546378
551|ground|1|2024-08-17 12:03:45.546378
551|dark|2|2024-08-17 12:03:45.546378
552|ground|1|2024-08-17 12:03:45.546378
552|dark|2|2024-08-17 12:03:45.546378
553|ground|1|2024-08-17 12:03:45.546378
553|dark|2|2024-08-17 12:03:45.546378
554|fire|1|2024-08-17 12:03:45.546378
555|fire|1|2024-08-17 12:03:45.546378
556|grass|1|2024-08-17 12:03:45.546378
557|bug|1|2024-08-17 12:03:45.546378
557|rock|2|2024-08-17 12:03:45.546378
558|bug|1|2024-08-17 12:03:45.546378
558|rock|2|2024-08-17 12:03:45.546378
559|dark|1|2024-08-17 12:03:45.546378
559|fighting|2|2024-08-17 12:03:45.546378
560|dark|1|2024-08-17 12:03:45.546378
560|fighting|2|2024-08-17 12:03:45.546378
561|psychic|1|2024-08-17 12:03:45.546378
561|flying|2|2024-08-17 12:03:45.546378
562|ghost|1|2024-08-17 12:03:45.546378
563|ghost|1|2024-08-17 12:03:45.546378
564|water|1|2024-08-17 12:03:45.546378
564|rock|2|2024-08-17 12:03:45.546378
565|water|1|2024-08-17 12:03:45.546378
565|rock|2|2024-08-17 12:03:45.546378
566|rock|1|2024-08-17 12:03:45.546378
566|flying|2|2024-08-17 12:03:45.546378
567|rock|1|2024-08-17 12:03:45.546378
567|flying|2|2024-08-17 12:03:45.546378
568|poison|1|2024-08-17 12:03:45.546378
569|poison|1|2024-08-17 12:03:45.546378
570|dark|1|2024-08-17 12:03:45.546378
571|dark|1|2024-08-17 12:03:45.546378
572|normal|1|2024-08-17 12:03:45.546378
573|normal|1|2024-08-17 12:03:45.546378
574|psychic|1|2024-08-17 12:03:45.546378
575|psychic|1|2024-08-17 12:03:45.546378
576|psychic|1|2024-08-17 12:03:45.546378
577|psychic|1|2024-08-17 12:03:45.546378
578|psychic|1|2024-08-17 12:03:45.546378
579|psychic|1|2024-08-17 12:03:45.546378
580|water|1|2024-08-17 12:03:45.546378
580|flying|2|2024-08-17 12:03:45.546378
581|water|1|2024-08-17 12:03:45.546378
581|flying|2|2024-08-17 12:03:45.546378
582|ice|1|2024-08-17 12:03:45.546378
583|ice|1|2024-08-17 12:03:45.546378
584|ice|1|2024-08-17 12:03:45.546378
585|normal|1|2024-08-17 12:03:45.546378
585|grass|2|2024-08-17 12:03:45.546378
586|normal|1|2024-08-17 12:03:45.546378
586|grass|2|2024-08-17 12:03:45.546378
587|electric|1|2024-08-17 12:03:45.546378
587|flying|2|2024-08-17 12:03:45.546378
588|bug|1|2024-08-17 12:03:45.546378
589|bug|1|2024-08-17 12:03:45.546378
589|steel|2|2024-08-17 12:03:45.546378
590|grass|1|2024-08-17 12:03:45.546378
590|poison|2|2024-08-17 12:03:45.546378
591|grass|1|2024-08-17 12:03:45.546378
591|poison|2|2024-08-17 12:03:45.546378
592|water|1|2024-08-17 12:03:45.546378
592|ghost|2|2024-08-17 12:03:45.546378
593|water|1|2024-08-17 12:03:45.546378
593|ghost|2|2024-08-17 12:03:45.546378
594|water|1|2024-08-17 12:03:45.546378
595|bug|1|2024-08-17 12:03:45.546378
595|electric|2|2024-08-17 12:03:45.546378
596|bug|1|2024-08-17 12:03:45.546378
596|electric|2|2024-08-17 12:03:45.546378
597|grass|1|2024-08-17 12:03:45.546378
597|steel|2|2024-08-17 12:03:45.546378
598|grass|1|2024-08-17 12:03:45.546378
598|steel|2|2024-08-17 12:03:45.546378
599|steel|1|2024-08-17 12:03:45.546378
600|steel|1|2024-08-17 12:03:45.546378
601|steel|1|2024-08-17 12:03:45.546378
602|electric|1|2024-08-17 12:03:45.546378
603|electric|1|2024-08-17 12:03:45.546378
604|electric|1|2024-08-17 12:03:45.546378
605|psychic|1|2024-08-17 12:03:45.546378
606|psychic|1|2024-08-17 12:03:45.546378
607|ghost|1|2024-08-17 12:03:45.546378
607|fire|2|2024-08-17 12:03:45.546378
608|ghost|1|2024-08-17 12:03:45.546378
608|fire|2|2024-08-17 12:03:45.546378
609|ghost|1|2024-08-17 12:03:45.546378
609|fire|2|2024-08-17 12:03:45.546378
610|dragon|1|2024-08-17 12:03:45.546378
611|dragon|1|2024-08-17 12:03:45.546378
612|dragon|1|2024-08-17 12:03:45.546378
613|ice|1|2024-08-17 12:03:45.546378
614|ice|1|2024-08-17 12:03:45.546378
615|ice|1|2024-08-17 12:03:45.546378
616|bug|1|2024-08-17 12:03:45.546378
617|bug|1|2024-08-17 12:03:45.546378
618|ground|1|2024-08-17 12:03:45.546378
618|electric|2|2024-08-17 12:03:45.546378
619|fighting|1|2024-08-17 12:03:45.546378
620|fighting|1|2024-08-17 12:03:45.546378
621|dragon|1|2024-08-17 12:03:45.546378
622|ground|1|2024-08-17 12:03:45.546378
622|ghost|2|2024-08-17 12:03:45.546378
623|ground|1|2024-08-17 12:03:45.546378
623|ghost|2|2024-08-17 12:03:45.546378
624|dark|1|2024-08-17 12:03:45.546378
624|steel|2|2024-08-17 12:03:45.546378
625|dark|1|2024-08-17 12:03:45.546378
625|steel|2|2024-08-17 12:03:45.546378
626|normal|1|2024-08-17 12:03:45.546378
627|normal|1|2024-08-17 12:03:45.546378
627|flying|2|2024-08-17 12:03:45.546378
628|normal|1|2024-08-17 12:03:45.546378
628|flying|2|2024-08-17 12:03:45.546378
629|dark|1|2024-08-17 12:03:45.546378
629|flying|2|2024-08-17 12:03:45.546378
630|dark|1|2024-08-17 12:03:45.546378
630|flying|2|2024-08-17 12:03:45.546378
631|fire|1|2024-08-17 12:03:45.546378
632|bug|1|2024-08-17 12:03:45.546378
632|steel|2|2024-08-17 12:03:45.546378
633|dark|1|2024-08-17 12:03:45.546378
633|dragon|2|2024-08-17 12:03:45.546378
634|dark|1|2024-08-17 12:03:45.546378
634|dragon|2|2024-08-17 12:03:45.546378
635|dark|1|2024-08-17 12:03:45.546378
635|dragon|2|2024-08-17 12:03:45.546378
636|bug|1|2024-08-17 12:03:45.546378
636|fire|2|2024-08-17 12:03:45.546378
637|bug|1|2024-08-17 12:03:45.546378
637|fire|2|2024-08-17 12:03:45.546378
638|steel|1|2024-08-17 12:03:45.546378
638|fighting|2|2024-08-17 12:03:45.546378
639|rock|1|2024-08-17 12:03:45.546378
639|fighting|2|2024-08-17 12:03:45.546378
640|grass|1|2024-08-17 12:03:45.546378
640|fighting|2|2024-08-17 12:03:45.546378
641|flying|1|2024-08-17 12:03:45.546378
642|electric|1|2024-08-17 12:03:45.546378
642|flying|2|2024-08-17 12:03:45.546378
643|dragon|1|2024-08-17 12:03:45.546378
643|fire|2|2024-08-17 12:03:45.546378
644|dragon|1|2024-08-17 12:03:45.546378
644|electric|2|2024-08-17 12:03:45.546378
645|ground|1|2024-08-17 12:03:45.546378
645|flying|2|2024-08-17 12:03:45.546378
646|dragon|1|2024-08-17 12:03:45.546378
646|ice|2|2024-08-17 12:03:45.546378
647|water|1|2024-08-17 12:03:45.546378
647|fighting|2|2024-08-17 12:03:45.546378
648|normal|1|2024-08-17 12:03:45.546378
648|psychic|2|2024-08-17 12:03:45.546378
649|bug|1|2024-08-17 12:03:45.546378
649|steel|2|2024-08-17 12:03:45.546378
650|grass|1|2024-08-17 12:03:45.546378
651|grass|1|2024-08-17 12:03:45.546378
652|grass|1|2024-08-17 12:03:45.546378
652|fighting|2|2024-08-17 12:03:45.546378
653|fire|1|2024-08-17 12:03:45.546378
654|fire|1|2024-08-17 12:03:45.546378
655|fire|1|2024-08-17 12:03:45.546378
655|psychic|2|2024-08-17 12:03:45.546378
656|water|1|2024-08-17 12:03:45.546378
657|water|1|2024-08-17 12:03:45.546378
658|water|1|2024-08-17 12:03:45.546378
658|dark|2|2024-08-17 12:03:45.546378
659|normal|1|2024-08-17 12:03:45.546378
660|normal|1|2024-08-17 12:03:45.546378
660|ground|2|2024-08-17 12:03:45.546378
661|normal|1|2024-08-17 12:03:45.546378
661|flying|2|2024-08-17 12:03:45.546378
662|fire|1|2024-08-17 12:03:45.546378
662|flying|2|2024-08-17 12:03:45.546378
663|fire|1|2024-08-17 12:03:45.546378
663|flying|2|2024-08-17 12:03:45.546378
664|bug|1|2024-08-17 12:03:45.546378
665|bug|1|2024-08-17 12:03:45.546378
666|bug|1|2024-08-17 12:03:45.546378
666|flying|2|2024-08-17 12:03:45.546378
667|fire|1|2024-08-17 12:03:45.546378
667|normal|2|2024-08-17 12:03:45.546378
668|fire|1|2024-08-17 12:03:45.546378
668|normal|2|2024-08-17 12:03:45.546378
669|fairy|1|2024-08-17 12:03:45.546378
670|fairy|1|2024-08-17 12:03:45.546378
671|fairy|1|2024-08-17 12:03:45.546378
672|grass|1|2024-08-17 12:03:45.546378
673|grass|1|2024-08-17 12:03:45.546378
674|fighting|1|2024-08-17 12:03:45.546378
675|fighting|1|2024-08-17 12:03:45.546378
675|dark|2|2024-08-17 12:03:45.546378
676|normal|1|2024-08-17 12:03:45.546378
677|psychic|1|2024-08-17 12:03:45.546378
678|psychic|1|2024-08-17 12:03:45.546378
679|steel|1|2024-08-17 12:03:45.546378
679|ghost|2|2024-08-17 12:03:45.546378
680|steel|1|2024-08-17 12:03:45.546378
680|ghost|2|2024-08-17 12:03:45.546378
681|steel|1|2024-08-17 12:03:45.546378
681|ghost|2|2024-08-17 12:03:45.546378
682|fairy|1|2024-08-17 12:03:45.546378
683|fairy|1|2024-08-17 12:03:45.546378
684|fairy|1|2024-08-17 12:03:45.546378
685|fairy|1|2024-08-17 12:03:45.546378
686|dark|1|2024-08-17 12:03:45.546378
686|psychic|2|2024-08-17 12:03:45.546378
687|dark|1|2024-08-17 12:03:45.546378
687|psychic|2|2024-08-17 12:03:45.546378
688|rock|1|2024-08-17 12:03:45.546378
688|water|2|2024-08-17 12:03:45.546378
689|rock|1|2024-08-17 12:03:45.546378
689|water|2|2024-08-17 12:03:45.546378
690|poison|1|2024-08-17 12:03:45.546378
690|water|2|2024-08-17 12:03:45.546378
691|poison|1|2024-08-17 12:03:45.546378
691|dragon|2|2024-08-17 12:03:45.546378
692|water|1|2024-08-17 12:03:45.546378
693|water|1|2024-08-17 12:03:45.546378
694|electric|1|2024-08-17 12:03:45.546378
694|normal|2|2024-08-17 12:03:45.546378
695|electric|1|2024-08-17 12:03:45.546378
695|normal|2|2024-08-17 12:03:45.546378
696|rock|1|2024-08-17 12:03:45.546378
696|dragon|2|2024-08-17 12:03:45.546378
697|rock|1|2024-08-17 12:03:45.546378
697|dragon|2|2024-08-17 12:03:45.546378
698|rock|1|2024-08-17 12:03:45.546378
698|ice|2|2024-08-17 12:03:45.546378
699|rock|1|2024-08-17 12:03:45.546378
699|ice|2|2024-08-17 12:03:45.546378
700|fairy|1|2024-08-17 12:03:45.546378
701|fighting|1|2024-08-17 12:03:45.546378
701|flying|2|2024-08-17 12:03:45.546378
702|electric|1|2024-08-17 12:03:45.546378
702|fairy|2|2024-08-17 12:03:45.546378
703|rock|1|2024-08-17 12:03:45.546378
703|fairy|2|2024-08-17 12:03:45.546378
704|dragon|1|2024-08-17 12:03:45.546378
705|dragon|1|2024-08-17 12:03:45.546378
706|dragon|1|2024-08-17 12:03:45.546378
707|steel|1|2024-08-17 12:03:45.546378
707|fairy|2|2024-08-17 12:03:45.546378
708|ghost|1|2024-08-17 12:03:45.546378
708|grass|2|2024-08-17 12:03:45.546378
709|ghost|1|2024-08-17 12:03:45.546378
709|grass|2|2024-08-17 12:03:45.546378
710|ghost|1|2024-08-17 12:03:45.546378
710|grass|2|2024-08-17 12:03:45.546378
711|ghost|1|2024-08-17 12:03:45.546378
711|grass|2|2024-08-17 12:03:45.546378
712|ice|1|2024-08-17 12:03:45.546378
713|ice|1|2024-08-17 12:03:45.546378
714|flying|1|2024-08-17 12:03:45.546378
714|dragon|2|2024-08-17 12:03:45.546378
715|flying|1|2024-08-17 12:03:45.546378
715|dragon|2|2024-08-17 12:03:45.546378
716|fairy|1|2024-08-17 12:03:45.546378
717|dark|1|2024-08-17 12:03:45.546378
717|flying|2|2024-08-17 12:03:45.546378
718|dragon|1|2024-08-17 12:03:45.546378
718|ground|2|2024-08-17 12:03:45.546378
719|rock|1|2024-08-17 12:03:45.546378
719|fairy|2|2024-08-17 12:03:45.546378
720|psychic|1|2024-08-17 12:03:45.546378
720|ghost|2|2024-08-17 12:03:45.546378
721|fire|1|2024-08-17 12:03:45.546378
721|water|2|2024-08-17 12:03:45.546378
722|grass|1|2024-08-17 12:03:45.546378
722|flying|2|2024-08-17 12:03:45.546378
723|grass|1|2024-08-17 12:03:45.546378
723|flying|2|2024-08-17 12:03:45.546378
724|grass|1|2024-08-17 12:03:45.546378
724|ghost|2|2024-08-17 12:03:45.546378
725|fire|1|2024-08-17 12:03:45.546378
726|fire|1|2024-08-17 12:03:45.546378
727|fire|1|2024-08-17 12:03:45.546378
727|dark|2|2024-08-17 12:03:45.546378
728|water|1|2024-08-17 12:03:45.546378
729|water|1|2024-08-17 12:03:45.546378
730|water|1|2024-08-17 12:03:45.546378
730|fairy|2|2024-08-17 12:03:45.546378
731|normal|1|2024-08-17 12:03:45.546378
731|flying|2|2024-08-17 12:03:45.546378
732|normal|1|2024-08-17 12:03:45.546378
732|flying|2|2024-08-17 12:03:45.546378
733|normal|1|2024-08-17 12:03:45.546378
733|flying|2|2024-08-17 12:03:45.546378
734|normal|1|2024-08-17 12:03:45.546378
735|normal|1|2024-08-17 12:03:45.546378
736|bug|1|2024-08-17 12:03:45.546378
737|bug|1|2024-08-17 12:03:45.546378
737|electric|2|2024-08-17 12:03:45.546378
738|bug|1|2024-08-17 12:03:45.546378
738|electric|2|2024-08-17 12:03:45.546378
739|fighting|1|2024-08-17 12:03:45.546378
740|fighting|1|2024-08-17 12:03:45.546378
740|ice|2|2024-08-17 12:03:45.546378
741|fire|1|2024-08-17 12:03:45.546378
741|flying|2|2024-08-17 12:03:45.546378
742|bug|1|2024-08-17 12:03:45.546378
742|fairy|2|2024-08-17 12:03:45.546378
743|bug|1|2024-08-17 12:03:45.546378
743|fairy|2|2024-08-17 12:03:45.546378
744|rock|1|2024-08-17 12:03:45.546378
745|rock|1|2024-08-17 12:03:45.546378
746|water|1|2024-08-17 12:03:45.546378
747|poison|1|2024-08-17 12:03:45.546378
747|water|2|2024-08-17 12:03:45.546378
748|poison|1|2024-08-17 12:03:45.546378
748|water|2|2024-08-17 12:03:45.546378
749|ground|1|2024-08-17 12:03:45.546378
750|ground|1|2024-08-17 12:03:45.546378
751|water|1|2024-08-17 12:03:45.546378
751|bug|2|2024-08-17 12:03:45.546378
752|water|1|2024-08-17 12:03:45.546378
752|bug|2|2024-08-17 12:03:45.546378
753|grass|1|2024-08-17 12:03:45.546378
754|grass|1|2024-08-17 12:03:45.546378
755|grass|1|2024-08-17 12:03:45.546378
755|fairy|2|2024-08-17 12:03:45.546378
756|grass|1|2024-08-17 12:03:45.546378
756|fairy|2|2024-08-17 12:03:45.546378
757|poison|1|2024-08-17 12:03:45.546378
757|fire|2|2024-08-17 12:03:45.546378
758|poison|1|2024-08-17 12:03:45.546378
758|fire|2|2024-08-17 12:03:45.546378
759|normal|1|2024-08-17 12:03:45.546378
759|fighting|2|2024-08-17 12:03:45.546378
760|normal|1|2024-08-17 12:03:45.546378
760|fighting|2|2024-08-17 12:03:45.546378
761|grass|1|2024-08-17 12:03:45.546378
762|grass|1|2024-08-17 12:03:45.546378
763|grass|1|2024-08-17 12:03:45.546378
764|fairy|1|2024-08-17 12:03:45.546378
765|normal|1|2024-08-17 12:03:45.546378
765|psychic|2|2024-08-17 12:03:45.546378
766|fighting|1|2024-08-17 12:03:45.546378
767|bug|1|2024-08-17 12:03:45.546378
767|water|2|2024-08-17 12:03:45.546378
768|bug|1|2024-08-17 12:03:45.546378
768|water|2|2024-08-17 12:03:45.546378
769|ghost|1|2024-08-17 12:03:45.546378
769|ground|2|2024-08-17 12:03:45.546378
770|ghost|1|2024-08-17 12:03:45.546378
770|ground|2|2024-08-17 12:03:45.546378
771|water|1|2024-08-17 12:03:45.546378
772|normal|1|2024-08-17 12:03:45.546378
773|normal|1|2024-08-17 12:03:45.546378
774|rock|1|2024-08-17 12:03:45.546378
774|flying|2|2024-08-17 12:03:45.546378
775|normal|1|2024-08-17 12:03:45.546378
776|fire|1|2024-08-17 12:03:45.546378
776|dragon|2|2024-08-17 12:03:45.546378
777|electric|1|2024-08-17 12:03:45.546378
777|steel|2|2024-08-17 12:03:45.546378
778|ghost|1|2024-08-17 12:03:45.546378
778|fairy|2|2024-08-17 12:03:45.546378
779|water|1|2024-08-17 12:03:45.546378
779|psychic|2|2024-08-17 12:03:45.546378
780|normal|1|2024-08-17 12:03:45.546378
780|dragon|2|2024-08-17 12:03:45.546378
781|ghost|1|2024-08-17 12:03:45.546378
781|grass|2|2024-08-17 12:03:45.546378
782|dragon|1|2024-08-17 12:03:45.546378
783|dragon|1|2024-08-17 12:03:45.546378
783|fighting|2|2024-08-17 12:03:45.546378
784|dragon|1|2024-08-17 12:03:45.546378
784|fighting|2|2024-08-17 12:03:45.546378
785|electric|1|2024-08-17 12:03:45.546378
785|fairy|2|2024-08-17 12:03:45.546378
786|psychic|1|2024-08-17 12:03:45.546378
786|fairy|2|2024-08-17 12:03:45.546378
787|grass|1|2024-08-17 12:03:45.546378
787|fairy|2|2024-08-17 12:03:45.546378
788|water|1|2024-08-17 12:03:45.546378
788|fairy|2|2024-08-17 12:03:45.546378
789|psychic|1|2024-08-17 12:03:45.546378
790|psychic|1|2024-08-17 12:03:45.546378
791|psychic|1|2024-08-17 12:03:45.546378
791|steel|2|2024-08-17 12:03:45.546378
792|psychic|1|2024-08-17 12:03:45.546378
792|ghost|2|2024-08-17 12:03:45.546378
793|rock|1|2024-08-17 12:03:45.546378
793|poison|2|2024-08-17 12:03:45.546378
794|bug|1|2024-08-17 12:03:45.546378
794|fighting|2|2024-08-17 12:03:45.546378
795|bug|1|2024-08-17 12:03:45.546378
795|fighting|2|2024-08-17 12:03:45.546378
796|electric|1|2024-08-17 12:03:45.546378
797|steel|1|2024-08-17 12:03:45.546378
797|flying|2|2024-08-17 12:03:45.546378
798|grass|1|2024-08-17 12:03:45.546378
798|steel|2|2024-08-17 12:03:45.546378
799|dark|1|2024-08-17 12:03:45.546378
799|dragon|2|2024-08-17 12:03:45.546378
800|psychic|1|2024-08-17 12:03:45.546378
801|steel|1|2024-08-17 12:03:45.546378
801|fairy|2|2024-08-17 12:03:45.546378
802|fighting|1|2024-08-17 12:03:45.546378
802|ghost|2|2024-08-17 12:03:45.546378
803|poison|1|2024-08-17 12:03:45.546378
804|poison|1|2024-08-17 12:03:45.546378
804|dragon|2|2024-08-17 12:03:45.546378
805|rock|1|2024-08-17 12:03:45.546378
805|steel|2|2024-08-17 12:03:45.546378
806|fire|1|2024-08-17 12:03:45.546378
806|ghost|2|2024-08-17 12:03:45.546378
807|electric|1|2024-08-17 12:03:45.546378
808|steel|1|2024-08-17 12:03:45.546378
809|steel|1|2024-08-17 12:03:45.546378
810|grass|1|2024-08-17 12:03:45.546378
811|grass|1|2024-08-17 12:03:45.546378
812|grass|1|2024-08-17 12:03:45.546378
813|fire|1|2024-08-17 12:03:45.546378
814|fire|1|2024-08-17 12:03:45.546378
815|fire|1|2024-08-17 12:03:45.546378
816|water|1|2024-08-17 12:03:45.546378
817|water|1|2024-08-17 12:03:45.546378
818|water|1|2024-08-17 12:03:45.546378
819|normal|1|2024-08-17 12:03:45.546378
820|normal|1|2024-08-17 12:03:45.546378
821|flying|1|2024-08-17 12:03:45.546378
822|flying|1|2024-08-17 12:03:45.546378
823|flying|1|2024-08-17 12:03:45.546378
823|steel|2|2024-08-17 12:03:45.546378
824|bug|1|2024-08-17 12:03:45.546378
825|bug|1|2024-08-17 12:03:45.546378
825|psychic|2|2024-08-17 12:03:45.546378
826|bug|1|2024-08-17 12:03:45.546378
826|psychic|2|2024-08-17 12:03:45.546378
827|dark|1|2024-08-17 12:03:45.546378
828|dark|1|2024-08-17 12:03:45.546378
829|grass|1|2024-08-17 12:03:45.546378
830|grass|1|2024-08-17 12:03:45.546378
831|normal|1|2024-08-17 12:03:45.546378
832|normal|1|2024-08-17 12:03:45.546378
833|water|1|2024-08-17 12:03:45.546378
834|water|1|2024-08-17 12:03:45.546378
834|rock|2|2024-08-17 12:03:45.546378
835|electric|1|2024-08-17 12:03:45.546378
836|electric|1|2024-08-17 12:03:45.546378
837|rock|1|2024-08-17 12:03:45.546378
838|rock|1|2024-08-17 12:03:45.546378
838|fire|2|2024-08-17 12:03:45.546378
839|rock|1|2024-08-17 12:03:45.546378
839|fire|2|2024-08-17 12:03:45.546378
840|grass|1|2024-08-17 12:03:45.546378
840|dragon|2|2024-08-17 12:03:45.546378
841|grass|1|2024-08-17 12:03:45.546378
841|dragon|2|2024-08-17 12:03:45.546378
842|grass|1|2024-08-17 12:03:45.546378
842|dragon|2|2024-08-17 12:03:45.546378
843|ground|1|2024-08-17 12:03:45.546378
844|ground|1|2024-08-17 12:03:45.546378
845|flying|1|2024-08-17 12:03:45.546378
845|water|2|2024-08-17 12:03:45.546378
846|water|1|2024-08-17 12:03:45.546378
847|water|1|2024-08-17 12:03:45.546378
848|electric|1|2024-08-17 12:03:45.546378
848|poison|2|2024-08-17 12:03:45.546378
849|electric|1|2024-08-17 12:03:45.546378
849|poison|2|2024-08-17 12:03:45.546378
850|fire|1|2024-08-17 12:03:45.546378
850|bug|2|2024-08-17 12:03:45.546378
851|fire|1|2024-08-17 12:03:45.546378
851|bug|2|2024-08-17 12:03:45.546378
852|fighting|1|2024-08-17 12:03:45.546378
853|fighting|1|2024-08-17 12:03:45.546378
854|ghost|1|2024-08-17 12:03:45.546378
855|ghost|1|2024-08-17 12:03:45.546378
856|psychic|1|2024-08-17 12:03:45.546378
857|psychic|1|2024-08-17 12:03:45.546378
858|psychic|1|2024-08-17 12:03:45.546378
858|fairy|2|2024-08-17 12:03:45.546378
859|dark|1|2024-08-17 12:03:45.546378
859|fairy|2|2024-08-17 12:03:45.546378
860|dark|1|2024-08-17 12:03:45.546378
860|fairy|2|2024-08-17 12:03:45.546378
861|dark|1|2024-08-17 12:03:45.546378
861|fairy|2|2024-08-17 12:03:45.546378
862|dark|1|2024-08-17 12:03:45.546378
862|normal|2|2024-08-17 12:03:45.546378
863|steel|1|2024-08-17 12:03:45.546378
864|ghost|1|2024-08-17 12:03:45.546378
865|fighting|1|2024-08-17 12:03:45.546378
866|ice|1|2024-08-17 12:03:45.546378
866|psychic|2|2024-08-17 12:03:45.546378
867|ground|1|2024-08-17 12:03:45.546378
867|ghost|2|2024-08-17 12:03:45.546378
868|fairy|1|2024-08-17 12:03:45.546378
869|fairy|1|2024-08-17 12:03:45.546378
870|fighting|1|2024-08-17 12:03:45.546378
871|electric|1|2024-08-17 12:03:45.546378
872|ice|1|2024-08-17 12:03:45.546378
872|bug|2|2024-08-17 12:03:45.546378
873|ice|1|2024-08-17 12:03:45.546378
873|bug|2|2024-08-17 12:03:45.546378
874|rock|1|2024-08-17 12:03:45.546378
875|ice|1|2024-08-17 12:03:45.546378
876|psychic|1|2024-08-17 12:03:45.546378
876|normal|2|2024-08-17 12:03:45.546378
877|electric|1|2024-08-17 12:03:45.546378
877|dark|2|2024-08-17 12:03:45.546378
878|steel|1|2024-08-17 12:03:45.546378
879|steel|1|2024-08-17 12:03:45.546378
880|electric|1|2024-08-17 12:03:45.546378
880|dragon|2|2024-08-17 12:03:45.546378
881|electric|1|2024-08-17 12:03:45.546378
881|ice|2|2024-08-17 12:03:45.546378
882|water|1|2024-08-17 12:03:45.546378
882|dragon|2|2024-08-17 12:03:45.546378
883|water|1|2024-08-17 12:03:45.546378
883|ice|2|2024-08-17 12:03:45.546378
884|steel|1|2024-08-17 12:03:45.546378
884|dragon|2|2024-08-17 12:03:45.546378
885|dragon|1|2024-08-17 12:03:45.546378
885|ghost|2|2024-08-17 12:03:45.546378
886|dragon|1|2024-08-17 12:03:45.546378
886|ghost|2|2024-08-17 12:03:45.546378
887|dragon|1|2024-08-17 12:03:45.546378
887|ghost|2|2024-08-17 12:03:45.546378
888|fairy|1|2024-08-17 12:03:45.546378
889|fighting|1|2024-08-17 12:03:45.546378
890|poison|1|2024-08-17 12:03:45.546378
890|dragon|2|2024-08-17 12:03:45.546378
891|fighting|1|2024-08-17 12:03:45.546378
892|fighting|1|2024-08-17 12:03:45.546378
892|dark|2|2024-08-17 12:03:45.546378
893|dark|1|2024-08-17 12:03:45.546378
893|grass|2|2024-08-17 12:03:45.546378
894|electric|1|2024-08-17 12:03:45.546378
895|dragon|1|2024-08-17 12:03:45.546378
896|ice|1|2024-08-17 12:03:45.546378
897|ghost|1|2024-08-17 12:03:45.546378
898|psychic|1|2024-08-17 12:03:45.546378
898|grass|2|2024-08-17 12:03:45.546378
899|normal|1|2024-08-17 12:03:45.546378
899|psychic|2|2024-08-17 12:03:45.546378
900|bug|1|2024-08-17 12:03:45.546378
900|rock|2|2024-08-17 12:03:45.546378
901|ground|1|2024-08-17 12:03:45.546378
901|normal|2|2024-08-17 12:03:45.546378
902|water|1|2024-08-17 12:03:45.546378
902|ghost|2|2024-08-17 12:03:45.546378
903|fighting|1|2024-08-17 12:03:45.546378
903|poison|2|2024-08-17 12:03:45.546378
904|dark|1|2024-08-17 12:03:45.546378
904|poison|2|2024-08-17 12:03:45.546378
905|fairy|1|2024-08-17 12:03:45.546378
905|flying|2|2024-08-17 12:03:45.546378
906|grass|1|2024-08-17 12:03:45.546378
907|grass|1|2024-08-17 12:03:45.546378
908|grass|1|2024-08-17 12:03:45.546378
908|dark|2|2024-08-17 12:03:45.546378
909|fire|1|2024-08-17 12:03:45.546378
910|fire|1|2024-08-17 12:03:45.546378
911|fire|1|2024-08-17 12:03:45.546378
911|ghost|2|2024-08-17 12:03:45.546378
912|water|1|2024-08-17 12:03:45.546378
913|water|1|2024-08-17 12:03:45.546378
914|water|1|2024-08-17 12:03:45.546378
914|fighting|2|2024-08-17 12:03:45.546378
915|normal|1|2024-08-17 12:03:45.546378
916|normal|1|2024-08-17 12:03:45.546378
917|bug|1|2024-08-17 12:03:45.546378
918|bug|1|2024-08-17 12:03:45.546378
919|bug|1|2024-08-17 12:03:45.546378
920|bug|1|2024-08-17 12:03:45.546378
920|dark|2|2024-08-17 12:03:45.546378
921|electric|1|2024-08-17 12:03:45.546378
922|electric|1|2024-08-17 12:03:45.546378
922|fighting|2|2024-08-17 12:03:45.546378
923|electric|1|2024-08-17 12:03:45.546378
923|fighting|2|2024-08-17 12:03:45.546378
924|normal|1|2024-08-17 12:03:45.546378
925|normal|1|2024-08-17 12:03:45.546378
926|fairy|1|2024-08-17 12:03:45.546378
927|fairy|1|2024-08-17 12:03:45.546378
928|grass|1|2024-08-17 12:03:45.546378
928|normal|2|2024-08-17 12:03:45.546378
929|grass|1|2024-08-17 12:03:45.546378
929|normal|2|2024-08-17 12:03:45.546378
930|grass|1|2024-08-17 12:03:45.546378
930|normal|2|2024-08-17 12:03:45.546378
931|normal|1|2024-08-17 12:03:45.546378
931|flying|2|2024-08-17 12:03:45.546378
932|rock|1|2024-08-17 12:03:45.546378
933|rock|1|2024-08-17 12:03:45.546378
934|rock|1|2024-08-17 12:03:45.546378
935|fire|1|2024-08-17 12:03:45.546378
936|fire|1|2024-08-17 12:03:45.546378
936|psychic|2|2024-08-17 12:03:45.546378
937|fire|1|2024-08-17 12:03:45.546378
937|ghost|2|2024-08-17 12:03:45.546378
938|electric|1|2024-08-17 12:03:45.546378
939|electric|1|2024-08-17 12:03:45.546378
940|electric|1|2024-08-17 12:03:45.546378
940|flying|2|2024-08-17 12:03:45.546378
941|electric|1|2024-08-17 12:03:45.546378
941|flying|2|2024-08-17 12:03:45.546378
942|dark|1|2024-08-17 12:03:45.546378
943|dark|1|2024-08-17 12:03:45.546378
944|poison|1|2024-08-17 12:03:45.546378
944|normal|2|2024-08-17 12:03:45.546378
945|poison|1|2024-08-17 12:03:45.546378
945|normal|2|2024-08-17 12:03:45.546378
946|grass|1|2024-08-17 12:03:45.546378
946|ghost|2|2024-08-17 12:03:45.546378
947|grass|1|2024-08-17 12:03:45.546378
947|ghost|2|2024-08-17 12:03:45.546378
948|ground|1|2024-08-17 12:03:45.546378
948|grass|2|2024-08-17 12:03:45.546378
949|ground|1|2024-08-17 12:03:45.546378
949|grass|2|2024-08-17 12:03:45.546378
950|rock|1|2024-08-17 12:03:45.546378
951|grass|1|2024-08-17 12:03:45.546378
952|grass|1|2024-08-17 12:03:45.546378
952|fire|2|2024-08-17 12:03:45.546378
953|bug|1|2024-08-17 12:03:45.546378
954|bug|1|2024-08-17 12:03:45.546378
954|psychic|2|2024-08-17 12:03:45.546378
955|psychic|1|2024-08-17 12:03:45.546378
956|psychic|1|2024-08-17 12:03:45.546378
957|fairy|1|2024-08-17 12:03:45.546378
957|steel|2|2024-08-17 12:03:45.546378
958|fairy|1|2024-08-17 12:03:45.546378
958|steel|2|2024-08-17 12:03:45.546378
959|fairy|1|2024-08-17 12:03:45.546378
959|steel|2|2024-08-17 12:03:45.546378
960|water|1|2024-08-17 12:03:45.546378
961|water|1|2024-08-17 12:03:45.546378
962|flying|1|2024-08-17 12:03:45.546378
962|dark|2|2024-08-17 12:03:45.546378
963|water|1|2024-08-17 12:03:45.546378
964|water|1|2024-08-17 12:03:45.546378
965|steel|1|2024-08-17 12:03:45.546378
965|poison|2|2024-08-17 12:03:45.546378
966|steel|1|2024-08-17 12:03:45.546378
966|poison|2|2024-08-17 12:03:45.546378
967|dragon|1|2024-08-17 12:03:45.546378
967|normal|2|2024-08-17 12:03:45.546378
968|steel|1|2024-08-17 12:03:45.546378
969|rock|1|2024-08-17 12:03:45.546378
969|poison|2|2024-08-17 12:03:45.546378
970|rock|1|2024-08-17 12:03:45.546378
970|poison|2|2024-08-17 12:03:45.546378
971|ghost|1|2024-08-17 12:03:45.546378
972|ghost|1|2024-08-17 12:03:45.546378
973|flying|1|2024-08-17 12:03:45.546378
973|fighting|2|2024-08-17 12:03:45.546378
974|ice|1|2024-08-17 12:03:45.546378
975|ice|1|2024-08-17 12:03:45.546378
976|water|1|2024-08-17 12:03:45.546378
976|psychic|2|2024-08-17 12:03:45.546378
977|water|1|2024-08-17 12:03:45.546378
978|dragon|1|2024-08-17 12:03:45.546378
978|water|2|2024-08-17 12:03:45.546378
979|fighting|1|2024-08-17 12:03:45.546378
979|ghost|2|2024-08-17 12:03:45.546378
980|poison|1|2024-08-17 12:03:45.546378
980|ground|2|2024-08-17 12:03:45.546378
981|normal|1|2024-08-17 12:03:45.546378
981|psychic|2|2024-08-17 12:03:45.546378
982|normal|1|2024-08-17 12:03:45.546378
983|dark|1|2024-08-17 12:03:45.546378
983|steel|2|2024-08-17 12:03:45.546378
984|ground|1|2024-08-17 12:03:45.546378
984|fighting|2|2024-08-17 12:03:45.546378
985|fairy|1|2024-08-17 12:03:45.546378
985|psychic|2|2024-08-17 12:03:45.546378
986|grass|1|2024-08-17 12:03:45.546378
986|dark|2|2024-08-17 12:03:45.546378
987|ghost|1|2024-08-17 12:03:45.546378
987|fairy|2|2024-08-17 12:03:45.546378
988|bug|1|2024-08-17 12:03:45.546378
988|fighting|2|2024-08-17 12:03:45.546378
989|electric|1|2024-08-17 12:03:45.546378
989|ground|2|2024-08-17 12:03:45.546378
990|ground|1|2024-08-17 12:03:45.546378
990|steel|2|2024-08-17 12:03:45.546378
991|ice|1|2024-08-17 12:03:45.546378
991|water|2|2024-08-17 12:03:45.546378
992|fighting|1|2024-08-17 12:03:45.546378
992|electric|2|2024-08-17 12:03:45.546378
993|dark|1|2024-08-17 12:03:45.546378
993|flying|2|2024-08-17 12:03:45.546378
994|fire|1|2024-08-17 12:03:45.546378
994|poison|2|2024-08-17 12:03:45.546378
995|rock|1|2024-08-17 12:03:45.546378
995|electric|2|2024-08-17 12:03:45.546378
996|dragon|1|2024-08-17 12:03:45.546378
996|ice|2|2024-08-17 12:03:45.546378
997|dragon|1|2024-08-17 12:03:45.546378
997|ice|2|2024-08-17 12:03:45.546378
998|dragon|1|2024-08-17 12:03:45.546378
998|ice|2|2024-08-17 12:03:45.546378
999|ghost|1|2024-08-17 12:03:45.546378
1000|steel|1|2024-08-17 12:03:45.546378
1000|ghost|2|2024-08-17 12:03:45.546378
1001|dark|1|2024-08-17 12:03:45.546378
1001|grass|2|2024-08-17 12:03:45.546378
1002|dark|1|2024-08-17 12:03:45.546378
1002|ice|2|2024-08-17 12:03:45.546378
1003|dark|1|2024-08-17 12:03:45.546378
1003|ground|2|2024-08-17 12:03:45.546378
1004|dark|1|2024-08-17 12:03:45.546378
1004|fire|2|2024-08-17 12:03:45.546378
1005|dragon|1|2024-08-17 12:03:45.546378
1005|dark|2|2024-08-17 12:03:45.546378
1006|fairy|1|2024-08-17 12:03:45.546378
1006|fighting|2|2024-08-17 12:03:45.546378
1007|fighting|1|2024-08-17 12:03:45.546378
1007|dragon|2|2024-08-17 12:03:45.546378
1008|electric|1|2024-08-17 12:03:45.546378
1008|dragon|2|2024-08-17 12:03:45.546378
1009|water|1|2024-08-17 12:03:45.546378
1009|dragon|2|2024-08-17 12:03:45.546378
1010|grass|1|2024-08-17 12:03:45.546378
1010|psychic|2|2024-08-17 12:03:45.546378
1011|grass|1|2024-08-17 12:03:45.546378
1011|dragon|2|2024-08-17 12:03:45.546378
1012|grass|1|2024-08-17 12:03:45.546378
1012|ghost|2|2024-08-17 12:03:45.546378
1013|grass|1|2024-08-17 12:03:45.546378
1013|ghost|2|2024-08-17 12:03:45.546378
1014|poison|1|2024-08-17 12:03:45.546378
1014|fighting|2|2024-08-17 12:03:45.546378
1015|poison|1|2024-08-17 12:03:45.546378
1015|psychic|2|2024-08-17 12:03:45.546378
1016|poison|1|2024-08-17 12:03:45.546378
1016|fairy|2|2024-08-17 12:03:45.546378
1017|grass|1|2024-08-17 12:03:45.546378
1018|steel|1|2024-08-17 12:03:45.546378
1018|dragon|2|2024-08-17 12:03:45.546378
1019|grass|1|2024-08-17 12:03:45.546378
1019|dragon|2|2024-08-17 12:03:45.546378
1020|fire|1|2024-08-17 12:03:45.546378
1020|dragon|2|2024-08-17 12:03:45.546378
1021|electric|1|2024-08-17 12:03:45.546378
1021|dragon|2|2024-08-17 12:03:45.546378
1022|rock|1|2024-08-17 12:03:45.546378
1022|psychic|2|2024-08-17 12:03:45.546378
1023|steel|1|2024-08-17 12:03:45.546378
1023|psychic|2|2024-08-17 12:03:45.546378
1024|normal|1|2024-08-17 12:03:45.546378
1025|poison|1|2024-08-17 12:03:45.546378
1025|ghost|2|2024-08-17 12:03:45.546378
10001|psychic|1|2024-08-17 12:03:45.546378
10002|psychic|1|2024-08-17 12:03:45.546378
10003|psychic|1|2024-08-17 12:03:45.546378
10004|bug|1|2024-08-17 12:03:45.546378
10004|ground|2|2024-08-17 12:03:45.546378
10005|bug|1|2024-08-17 12:03:45.546378
10005|steel|2|2024-08-17 12:03:45.546378
10006|grass|1|2024-08-17 12:03:45.546378
10006|flying|2|2024-08-17 12:03:45.546378
10007|ghost|1|2024-08-17 12:03:45.546378
10007|dragon|2|2024-08-17 12:03:45.546378
10008|electric|1|2024-08-17 12:03:45.546378
10008|fire|2|2024-08-17 12:03:45.546378
10009|electric|1|2024-08-17 12:03:45.546378
10009|water|2|2024-08-17 12:03:45.546378
10010|electric|1|2024-08-17 12:03:45.546378
10010|ice|2|2024-08-17 12:03:45.546378
10011|electric|1|2024-08-17 12:03:45.546378
10011|flying|2|2024-08-17 12:03:45.546378
10012|electric|1|2024-08-17 12:03:45.546378
10012|grass|2|2024-08-17 12:03:45.546378
10013|fire|1|2024-08-17 12:03:45.546378
10014|water|1|2024-08-17 12:03:45.546378
10015|ice|1|2024-08-17 12:03:45.546378
10016|water|1|2024-08-17 12:03:45.546378
10017|fire|1|2024-08-17 12:03:45.546378
10017|psychic|2|2024-08-17 12:03:45.546378
10018|normal|1|2024-08-17 12:03:45.546378
10018|fighting|2|2024-08-17 12:03:45.546378
10019|flying|1|2024-08-17 12:03:45.546378
10020|electric|1|2024-08-17 12:03:45.546378
10020|flying|2|2024-08-17 12:03:45.546378
10021|ground|1|2024-08-17 12:03:45.546378
10021|flying|2|2024-08-17 12:03:45.546378
10022|dragon|1|2024-08-17 12:03:45.546378
10022|ice|2|2024-08-17 12:03:45.546378
10023|dragon|1|2024-08-17 12:03:45.546378
10023|ice|2|2024-08-17 12:03:45.546378
10024|water|1|2024-08-17 12:03:45.546378
10024|fighting|2|2024-08-17 12:03:45.546378
10025|psychic|1|2024-08-17 12:03:45.546378
10026|steel|1|2024-08-17 12:03:45.546378
10026|ghost|2|2024-08-17 12:03:45.546378
10027|ghost|1|2024-08-17 12:03:45.546378
10027|grass|2|2024-08-17 12:03:45.546378
10028|ghost|1|2024-08-17 12:03:45.546378
10028|grass|2|2024-08-17 12:03:45.546378
10029|ghost|1|2024-08-17 12:03:45.546378
10029|grass|2|2024-08-17 12:03:45.546378
10030|ghost|1|2024-08-17 12:03:45.546378
10030|grass|2|2024-08-17 12:03:45.546378
10031|ghost|1|2024-08-17 12:03:45.546378
10031|grass|2|2024-08-17 12:03:45.546378
10032|ghost|1|2024-08-17 12:03:45.546378
10032|grass|2|2024-08-17 12:03:45.546378
10033|grass|1|2024-08-17 12:03:45.546378
10033|poison|2|2024-08-17 12:03:45.546378
10034|fire|1|2024-08-17 12:03:45.546378
10034|dragon|2|2024-08-17 12:03:45.546378
10035|fire|1|2024-08-17 12:03:45.546378
10035|flying|2|2024-08-17 12:03:45.546378
10036|water|1|2024-08-17 12:03:45.546378
10037|psychic|1|2024-08-17 12:03:45.546378
10038|ghost|1|2024-08-17 12:03:45.546378
10038|poison|2|2024-08-17 12:03:45.546378
10039|normal|1|2024-08-17 12:03:45.546378
10040|bug|1|2024-08-17 12:03:45.546378
10040|flying|2|2024-08-17 12:03:45.546378
10041|water|1|2024-08-17 12:03:45.546378
10041|dark|2|2024-08-17 12:03:45.546378
10042|rock|1|2024-08-17 12:03:45.546378
10042|flying|2|2024-08-17 12:03:45.546378
10043|psychic|1|2024-08-17 12:03:45.546378
10043|fighting|2|2024-08-17 12:03:45.546378
10044|psychic|1|2024-08-17 12:03:45.546378
10045|electric|1|2024-08-17 12:03:45.546378
10045|dragon|2|2024-08-17 12:03:45.546378
10046|bug|1|2024-08-17 12:03:45.546378
10046|steel|2|2024-08-17 12:03:45.546378
10047|bug|1|2024-08-17 12:03:45.546378
10047|fighting|2|2024-08-17 12:03:45.546378
10048|dark|1|2024-08-17 12:03:45.546378
10048|fire|2|2024-08-17 12:03:45.546378
10049|rock|1|2024-08-17 12:03:45.546378
10049|dark|2|2024-08-17 12:03:45.546378
10050|fire|1|2024-08-17 12:03:45.546378
10050|fighting|2|2024-08-17 12:03:45.546378
10051|psychic|1|2024-08-17 12:03:45.546378
10051|fairy|2|2024-08-17 12:03:45.546378
10052|steel|1|2024-08-17 12:03:45.546378
10052|fairy|2|2024-08-17 12:03:45.546378
10053|steel|1|2024-08-17 12:03:45.546378
10054|fighting|1|2024-08-17 12:03:45.546378
10054|psychic|2|2024-08-17 12:03:45.546378
10055|electric|1|2024-08-17 12:03:45.546378
10056|ghost|1|2024-08-17 12:03:45.546378
10057|dark|1|2024-08-17 12:03:45.546378
10058|dragon|1|2024-08-17 12:03:45.546378
10058|ground|2|2024-08-17 12:03:45.546378
10059|fighting|1|2024-08-17 12:03:45.546378
10059|steel|2|2024-08-17 12:03:45.546378
10060|grass|1|2024-08-17 12:03:45.546378
10060|ice|2|2024-08-17 12:03:45.546378
10061|fairy|1|2024-08-17 12:03:45.546378
10062|dragon|1|2024-08-17 12:03:45.546378
10062|psychic|2|2024-08-17 12:03:45.546378
10063|dragon|1|2024-08-17 12:03:45.546378
10063|psychic|2|2024-08-17 12:03:45.546378
10064|water|1|2024-08-17 12:03:45.546378
10064|ground|2|2024-08-17 12:03:45.546378
10065|grass|1|2024-08-17 12:03:45.546378
10065|dragon|2|2024-08-17 12:03:45.546378
10066|dark|1|2024-08-17 12:03:45.546378
10066|ghost|2|2024-08-17 12:03:45.546378
10067|dragon|1|2024-08-17 12:03:45.546378
10067|fairy|2|2024-08-17 12:03:45.546378
10068|psychic|1|2024-08-17 12:03:45.546378
10068|fighting|2|2024-08-17 12:03:45.546378
10069|normal|1|2024-08-17 12:03:45.546378
10069|fairy|2|2024-08-17 12:03:45.546378
10070|water|1|2024-08-17 12:03:45.546378
10070|dark|2|2024-08-17 12:03:45.546378
10071|water|1|2024-08-17 12:03:45.546378
10071|psychic|2|2024-08-17 12:03:45.546378
10072|steel|1|2024-08-17 12:03:45.546378
10072|ground|2|2024-08-17 12:03:45.546378
10073|normal|1|2024-08-17 12:03:45.546378
10073|flying|2|2024-08-17 12:03:45.546378
10074|ice|1|2024-08-17 12:03:45.546378
10075|rock|1|2024-08-17 12:03:45.546378
10075|fairy|2|2024-08-17 12:03:45.546378
10076|steel|1|2024-08-17 12:03:45.546378
10076|psychic|2|2024-08-17 12:03:45.546378
10077|water|1|2024-08-17 12:03:45.546378
10078|ground|1|2024-08-17 12:03:45.546378
10078|fire|2|2024-08-17 12:03:45.546378
10079|dragon|1|2024-08-17 12:03:45.546378
10079|flying|2|2024-08-17 12:03:45.546378
10080|electric|1|2024-08-17 12:03:45.546378
10081|electric|1|2024-08-17 12:03:45.546378
10082|electric|1|2024-08-17 12:03:45.546378
10083|electric|1|2024-08-17 12:03:45.546378
10084|electric|1|2024-08-17 12:03:45.546378
10085|electric|1|2024-08-17 12:03:45.546378
10086|psychic|1|2024-08-17 12:03:45.546378
10086|dark|2|2024-08-17 12:03:45.546378
10087|fire|1|2024-08-17 12:03:45.546378
10087|ground|2|2024-08-17 12:03:45.546378
10088|normal|1|2024-08-17 12:03:45.546378
10088|fighting|2|2024-08-17 12:03:45.546378
10089|dragon|1|2024-08-17 12:03:45.546378
10089|flying|2|2024-08-17 12:03:45.546378
10090|bug|1|2024-08-17 12:03:45.546378
10090|poison|2|2024-08-17 12:03:45.546378
10091|dark|1|2024-08-17 12:03:45.546378
10091|normal|2|2024-08-17 12:03:45.546378
10092|dark|1|2024-08-17 12:03:45.546378
10092|normal|2|2024-08-17 12:03:45.546378
10093|dark|1|2024-08-17 12:03:45.546378
10093|normal|2|2024-08-17 12:03:45.546378
10094|electric|1|2024-08-17 12:03:45.546378
10095|electric|1|2024-08-17 12:03:45.546378
10096|electric|1|2024-08-17 12:03:45.546378
10097|electric|1|2024-08-17 12:03:45.546378
10098|electric|1|2024-08-17 12:03:45.546378
10099|electric|1|2024-08-17 12:03:45.546378
10100|electric|1|2024-08-17 12:03:45.546378
10100|psychic|2|2024-08-17 12:03:45.546378
10101|ice|1|2024-08-17 12:03:45.546378
10101|steel|2|2024-08-17 12:03:45.546378
10102|ice|1|2024-08-17 12:03:45.546378
10102|steel|2|2024-08-17 12:03:45.546378
10103|ice|1|2024-08-17 12:03:45.546378
10104|ice|1|2024-08-17 12:03:45.546378
10104|fairy|2|2024-08-17 12:03:45.546378
10105|ground|1|2024-08-17 12:03:45.546378
10105|steel|2|2024-08-17 12:03:45.546378
10106|ground|1|2024-08-17 12:03:45.546378
10106|steel|2|2024-08-17 12:03:45.546378
10107|dark|1|2024-08-17 12:03:45.546378
10108|dark|1|2024-08-17 12:03:45.546378
10109|rock|1|2024-08-17 12:03:45.546378
10109|electric|2|2024-08-17 12:03:45.546378
10110|rock|1|2024-08-17 12:03:45.546378
10110|electric|2|2024-08-17 12:03:45.546378
10111|rock|1|2024-08-17 12:03:45.546378
10111|electric|2|2024-08-17 12:03:45.546378
10112|poison|1|2024-08-17 12:03:45.546378
10112|dark|2|2024-08-17 12:03:45.546378
10113|poison|1|2024-08-17 12:03:45.546378
10113|dark|2|2024-08-17 12:03:45.546378
10114|grass|1|2024-08-17 12:03:45.546378
10114|dragon|2|2024-08-17 12:03:45.546378
10115|fire|1|2024-08-17 12:03:45.546378
10115|ghost|2|2024-08-17 12:03:45.546378
10116|water|1|2024-08-17 12:03:45.546378
10116|dark|2|2024-08-17 12:03:45.546378
10117|water|1|2024-08-17 12:03:45.546378
10117|dark|2|2024-08-17 12:03:45.546378
10118|dragon|1|2024-08-17 12:03:45.546378
10118|ground|2|2024-08-17 12:03:45.546378
10119|dragon|1|2024-08-17 12:03:45.546378
10119|ground|2|2024-08-17 12:03:45.546378
10120|dragon|1|2024-08-17 12:03:45.546378
10120|ground|2|2024-08-17 12:03:45.546378
10121|normal|1|2024-08-17 12:03:45.546378
10122|bug|1|2024-08-17 12:03:45.546378
10122|electric|2|2024-08-17 12:03:45.546378
10123|electric|1|2024-08-17 12:03:45.546378
10123|flying|2|2024-08-17 12:03:45.546378
10124|psychic|1|2024-08-17 12:03:45.546378
10124|flying|2|2024-08-17 12:03:45.546378
10125|ghost|1|2024-08-17 12:03:45.546378
10125|flying|2|2024-08-17 12:03:45.546378
10126|rock|1|2024-08-17 12:03:45.546378
10127|water|1|2024-08-17 12:03:45.546378
10128|grass|1|2024-08-17 12:03:45.546378
10129|poison|1|2024-08-17 12:03:45.546378
10129|fire|2|2024-08-17 12:03:45.546378
10130|rock|1|2024-08-17 12:03:45.546378
10130|flying|2|2024-08-17 12:03:45.546378
10131|rock|1|2024-08-17 12:03:45.546378
10131|flying|2|2024-08-17 12:03:45.546378
10132|rock|1|2024-08-17 12:03:45.546378
10132|flying|2|2024-08-17 12:03:45.546378
10133|rock|1|2024-08-17 12:03:45.546378
10133|flying|2|2024-08-17 12:03:45.546378
10134|rock|1|2024-08-17 12:03:45.546378
10134|flying|2|2024-08-17 12:03:45.546378
10135|rock|1|2024-08-17 12:03:45.546378
10135|flying|2|2024-08-17 12:03:45.546378
10136|rock|1|2024-08-17 12:03:45.546378
10136|flying|2|2024-08-17 12:03:45.546378
10137|rock|1|2024-08-17 12:03:45.546378
10137|flying|2|2024-08-17 12:03:45.546378
10138|rock|1|2024-08-17 12:03:45.546378
10138|flying|2|2024-08-17 12:03:45.546378
10139|rock|1|2024-08-17 12:03:45.546378
10139|flying|2|2024-08-17 12:03:45.546378
10140|rock|1|2024-08-17 12:03:45.546378
10140|flying|2|2024-08-17 12:03:45.546378
10141|rock|1|2024-08-17 12:03:45.546378
10141|flying|2|2024-08-17 12:03:45.546378
10142|rock|1|2024-08-17 12:03:45.546378
10142|flying|2|2024-08-17 12:03:45.546378
10143|ghost|1|2024-08-17 12:03:45.546378
10143|fairy|2|2024-08-17 12:03:45.546378
10144|ghost|1|2024-08-17 12:03:45.546378
10144|fairy|2|2024-08-17 12:03:45.546378
10145|ghost|1|2024-08-17 12:03:45.546378
10145|fairy|2|2024-08-17 12:03:45.546378
10146|dragon|1|2024-08-17 12:03:45.546378
10146|fighting|2|2024-08-17 12:03:45.546378
10147|steel|1|2024-08-17 12:03:45.546378
10147|fairy|2|2024-08-17 12:03:45.546378
10148|electric|1|2024-08-17 12:03:45.546378
10149|fire|1|2024-08-17 12:03:45.546378
10149|ghost|2|2024-08-17 12:03:45.546378
10150|bug|1|2024-08-17 12:03:45.546378
10150|fairy|2|2024-08-17 12:03:45.546378
10151|rock|1|2024-08-17 12:03:45.546378
10152|rock|1|2024-08-17 12:03:45.546378
10153|water|1|2024-08-17 12:03:45.546378
10153|bug|2|2024-08-17 12:03:45.546378
10154|electric|1|2024-08-17 12:03:45.546378
10154|steel|2|2024-08-17 12:03:45.546378
10155|psychic|1|2024-08-17 12:03:45.546378
10155|steel|2|2024-08-17 12:03:45.546378
10156|psychic|1|2024-08-17 12:03:45.546378
10156|ghost|2|2024-08-17 12:03:45.546378
10157|psychic|1|2024-08-17 12:03:45.546378
10157|dragon|2|2024-08-17 12:03:45.546378
10158|electric|1|2024-08-17 12:03:45.546378
10159|normal|1|2024-08-17 12:03:45.546378
10160|electric|1|2024-08-17 12:03:45.546378
10161|steel|1|2024-08-17 12:03:45.546378
10162|psychic|1|2024-08-17 12:03:45.546378
10163|psychic|1|2024-08-17 12:03:45.546378
10163|fairy|2|2024-08-17 12:03:45.546378
10164|psychic|1|2024-08-17 12:03:45.546378
10165|poison|1|2024-08-17 12:03:45.546378
10165|psychic|2|2024-08-17 12:03:45.546378
10166|fighting|1|2024-08-17 12:03:45.546378
10167|poison|1|2024-08-17 12:03:45.546378
10167|fairy|2|2024-08-17 12:03:45.546378
10168|ice|1|2024-08-17 12:03:45.546378
10168|psychic|2|2024-08-17 12:03:45.546378
10169|psychic|1|2024-08-17 12:03:45.546378
10169|flying|2|2024-08-17 12:03:45.546378
10170|fighting|1|2024-08-17 12:03:45.546378
10170|flying|2|2024-08-17 12:03:45.546378
10171|dark|1|2024-08-17 12:03:45.546378
10171|flying|2|2024-08-17 12:03:45.546378
10172|poison|1|2024-08-17 12:03:45.546378
10172|psychic|2|2024-08-17 12:03:45.546378
10173|ghost|1|2024-08-17 12:03:45.546378
10174|dark|1|2024-08-17 12:03:45.546378
10174|normal|2|2024-08-17 12:03:45.546378
10175|dark|1|2024-08-17 12:03:45.546378
10175|normal|2|2024-08-17 12:03:45.546378
10176|ice|1|2024-08-17 12:03:45.546378
10177|ice|1|2024-08-17 12:03:45.546378
10178|ice|1|2024-08-17 12:03:45.546378
10178|fire|2|2024-08-17 12:03:45.546378
10179|ground|1|2024-08-17 12:03:45.546378
10179|ghost|2|2024-08-17 12:03:45.546378
10180|ground|1|2024-08-17 12:03:45.546378
10180|steel|2|2024-08-17 12:03:45.546378
10181|dragon|1|2024-08-17 12:03:45.546378
10181|ground|2|2024-08-17 12:03:45.546378
10182|flying|1|2024-08-17 12:03:45.546378
10182|water|2|2024-08-17 12:03:45.546378
10183|flying|1|2024-08-17 12:03:45.546378
10183|water|2|2024-08-17 12:03:45.546378
10184|electric|1|2024-08-17 12:03:45.546378
10184|poison|2|2024-08-17 12:03:45.546378
10185|ice|1|2024-08-17 12:03:45.546378
10186|psychic|1|2024-08-17 12:03:45.546378
10186|normal|2|2024-08-17 12:03:45.546378
10187|electric|1|2024-08-17 12:03:45.546378
10187|dark|2|2024-08-17 12:03:45.546378
10188|fairy|1|2024-08-17 12:03:45.546378
10188|steel|2|2024-08-17 12:03:45.546378
10189|fighting|1|2024-08-17 12:03:45.546378
10189|steel|2|2024-08-17 12:03:45.546378
10190|poison|1|2024-08-17 12:03:45.546378
10190|dragon|2|2024-08-17 12:03:45.546378
10191|fighting|1|2024-08-17 12:03:45.546378
10191|water|2|2024-08-17 12:03:45.546378
10192|dark|1|2024-08-17 12:03:45.546378
10192|grass|2|2024-08-17 12:03:45.546378
10193|psychic|1|2024-08-17 12:03:45.546378
10193|ice|2|2024-08-17 12:03:45.546378
10194|psychic|1|2024-08-17 12:03:45.546378
10194|ghost|2|2024-08-17 12:03:45.546378
10195|grass|1|2024-08-17 12:03:45.546378
10195|poison|2|2024-08-17 12:03:45.546378
10196|fire|1|2024-08-17 12:03:45.546378
10196|flying|2|2024-08-17 12:03:45.546378
10197|water|1|2024-08-17 12:03:45.546378
10198|bug|1|2024-08-17 12:03:45.546378
10198|flying|2|2024-08-17 12:03:45.546378
10199|electric|1|2024-08-17 12:03:45.546378
10200|normal|1|2024-08-17 12:03:45.546378
10201|fighting|1|2024-08-17 12:03:45.546378
10202|ghost|1|2024-08-17 12:03:45.546378
10202|poison|2|2024-08-17 12:03:45.546378
10203|water|1|2024-08-17 12:03:45.546378
10204|water|1|2024-08-17 12:03:45.546378
10204|ice|2|2024-08-17 12:03:45.546378
10205|normal|1|2024-08-17 12:03:45.546378
10206|normal|1|2024-08-17 12:03:45.546378
10207|poison|1|2024-08-17 12:03:45.546378
10208|steel|1|2024-08-17 12:03:45.546378
10209|grass|1|2024-08-17 12:03:45.546378
10210|fire|1|2024-08-17 12:03:45.546378
10211|water|1|2024-08-17 12:03:45.546378
10212|flying|1|2024-08-17 12:03:45.546378
10212|steel|2|2024-08-17 12:03:45.546378
10213|bug|1|2024-08-17 12:03:45.546378
10213|psychic|2|2024-08-17 12:03:45.546378
10214|water|1|2024-08-17 12:03:45.546378
10214|rock|2|2024-08-17 12:03:45.546378
10215|rock|1|2024-08-17 12:03:45.546378
10215|fire|2|2024-08-17 12:03:45.546378
10216|grass|1|2024-08-17 12:03:45.546378
10216|dragon|2|2024-08-17 12:03:45.546378
10217|grass|1|2024-08-17 12:03:45.546378
10217|dragon|2|2024-08-17 12:03:45.546378
10218|ground|1|2024-08-17 12:03:45.546378
10219|electric|1|2024-08-17 12:03:45.546378
10219|poison|2|2024-08-17 12:03:45.546378
10220|fire|1|2024-08-17 12:03:45.546378
10220|bug|2|2024-08-17 12:03:45.546378
10221|psychic|1|2024-08-17 12:03:45.546378
10221|fairy|2|2024-08-17 12:03:45.546378
10222|dark|1|2024-08-17 12:03:45.546378
10222|fairy|2|2024-08-17 12:03:45.546378
10223|fairy|1|2024-08-17 12:03:45.546378
10224|steel|1|2024-08-17 12:03:45.546378
10225|steel|1|2024-08-17 12:03:45.546378
10225|dragon|2|2024-08-17 12:03:45.546378
10226|fighting|1|2024-08-17 12:03:45.546378
10226|dark|2|2024-08-17 12:03:45.546378
10227|fighting|1|2024-08-17 12:03:45.546378
10227|water|2|2024-08-17 12:03:45.546378
10228|electric|1|2024-08-17 12:03:45.546378
10228|poison|2|2024-08-17 12:03:45.546378
10229|fire|1|2024-08-17 12:03:45.546378
10229|rock|2|2024-08-17 12:03:45.546378
10230|fire|1|2024-08-17 12:03:45.546378
10230|rock|2|2024-08-17 12:03:45.546378
10231|electric|1|2024-08-17 12:03:45.546378
10231|grass|2|2024-08-17 12:03:45.546378
10232|electric|1|2024-08-17 12:03:45.546378
10232|grass|2|2024-08-17 12:03:45.546378
10233|fire|1|2024-08-17 12:03:45.546378
10233|ghost|2|2024-08-17 12:03:45.546378
10234|dark|1|2024-08-17 12:03:45.546378
10234|poison|2|2024-08-17 12:03:45.546378
10235|fighting|1|2024-08-17 12:03:45.546378
10235|poison|2|2024-08-17 12:03:45.546378
10236|water|1|2024-08-17 12:03:45.546378
10236|dark|2|2024-08-17 12:03:45.546378
10237|grass|1|2024-08-17 12:03:45.546378
10237|fighting|2|2024-08-17 12:03:45.546378
10238|normal|1|2024-08-17 12:03:45.546378
10238|ghost|2|2024-08-17 12:03:45.546378
10239|normal|1|2024-08-17 12:03:45.546378
10239|ghost|2|2024-08-17 12:03:45.546378
10240|psychic|1|2024-08-17 12:03:45.546378
10240|flying|2|2024-08-17 12:03:45.546378
10241|steel|1|2024-08-17 12:03:45.546378
10241|dragon|2|2024-08-17 12:03:45.546378
10242|steel|1|2024-08-17 12:03:45.546378
10242|dragon|2|2024-08-17 12:03:45.546378
10243|ice|1|2024-08-17 12:03:45.546378
10243|rock|2|2024-08-17 12:03:45.546378
10244|grass|1|2024-08-17 12:03:45.546378
10244|fighting|2|2024-08-17 12:03:45.546378
10245|steel|1|2024-08-17 12:03:45.546378
10245|dragon|2|2024-08-17 12:03:45.546378
10246|water|1|2024-08-17 12:03:45.546378
10246|dragon|2|2024-08-17 12:03:45.546378
10247|water|1|2024-08-17 12:03:45.546378
10248|water|1|2024-08-17 12:03:45.546378
10248|ghost|2|2024-08-17 12:03:45.546378
10249|fairy|1|2024-08-17 12:03:45.546378
10249|flying|2|2024-08-17 12:03:45.546378
10250|fighting|1|2024-08-17 12:03:45.546378
10251|fighting|1|2024-08-17 12:03:45.546378
10251|fire|2|2024-08-17 12:03:45.546378
10252|fighting|1|2024-08-17 12:03:45.546378
10252|water|2|2024-08-17 12:03:45.546378
10253|poison|1|2024-08-17 12:03:45.546378
10253|ground|2|2024-08-17 12:03:45.546378
10254|normal|1|2024-08-17 12:03:45.546378
10255|normal|1|2024-08-17 12:03:45.546378
10256|water|1|2024-08-17 12:03:45.546378
10257|normal|1|2024-08-17 12:03:45.546378
10258|dragon|1|2024-08-17 12:03:45.546378
10258|water|2|2024-08-17 12:03:45.546378
10259|dragon|1|2024-08-17 12:03:45.546378
10259|water|2|2024-08-17 12:03:45.546378
10260|normal|1|2024-08-17 12:03:45.546378
10260|flying|2|2024-08-17 12:03:45.546378
10261|normal|1|2024-08-17 12:03:45.546378
10261|flying|2|2024-08-17 12:03:45.546378
10262|normal|1|2024-08-17 12:03:45.546378
10262|flying|2|2024-08-17 12:03:45.546378
10263|ghost|1|2024-08-17 12:03:45.546378
10264|fighting|1|2024-08-17 12:03:45.546378
10264|dragon|2|2024-08-17 12:03:45.546378
10265|fighting|1|2024-08-17 12:03:45.546378
10265|dragon|2|2024-08-17 12:03:45.546378
10266|fighting|1|2024-08-17 12:03:45.546378
10266|dragon|2|2024-08-17 12:03:45.546378
10267|fighting|1|2024-08-17 12:03:45.546378
10267|dragon|2|2024-08-17 12:03:45.546378
10268|electric|1|2024-08-17 12:03:45.546378
10268|dragon|2|2024-08-17 12:03:45.546378
10269|electric|1|2024-08-17 12:03:45.546378
10269|dragon|2|2024-08-17 12:03:45.546378
10270|electric|1|2024-08-17 12:03:45.546378
10270|dragon|2|2024-08-17 12:03:45.546378
10271|electric|1|2024-08-17 12:03:45.546378
10271|dragon|2|2024-08-17 12:03:45.546378
10272|ground|1|2024-08-17 12:03:45.546378
10272|normal|2|2024-08-17 12:03:45.546378
10273|grass|1|2024-08-17 12:03:45.546378
10273|water|2|2024-08-17 12:03:45.546378
10274|grass|1|2024-08-17 12:03:45.546378
10274|fire|2|2024-08-17 12:03:45.546378
10275|grass|1|2024-08-17 12:03:45.546378
10275|rock|2|2024-08-17 12:03:45.546378
10276|normal|1|2024-08-17 12:03:45.546378
10277|normal|1|2024-08-17 12:03:45.546378
